x_value,fitted_effect,lower_ci,upper_ci,sport,effect_label,season_window
0.0,1.622388597877955,1.487112121066078,1.6089984800755974,NBA,Shot Distance,2014-2024
0.3015075376884422,1.509368496248436,1.3772095298114648,1.4962466886862293,NBA,Shot Distance,2014-2024
0.6030150753768844,1.4031081358657924,1.274039797686068,1.3903565127425703,NBA,Shot Distance,2014-2024
0.9045226130653266,1.3034183953135385,1.1774109319768855,1.291133842320059,NBA,Shot Distance,2014-2024
1.2060301507537687,1.2101101531751859,1.0871309399709144,1.1983845674941374,NBA,Shot Distance,2014-2024
1.507537688442211,1.1229942880342487,1.0030078289551518,1.1128528664632664,NBA,Shot Distance,2014-2024
1.809045226130653,1.041881678474241,0.9248496062165973,1.0335813729802439,NBA,Shot Distance,2014-2024
2.1105527638190953,0.9665832030786748,0.8524642790422472,0.9601129020736469,NBA,Shot Distance,2014-2024
2.4120603015075375,0.8969097404310634,0.7856598547190999,0.8922558437349368,NBA,Shot Distance,2014-2024
2.7135678391959797,0.8326721691149216,0.7242443405341528,0.8298185879555772,NBA,Shot Distance,2014-2024
3.015075376884422,0.7736813677137606,0.6680257437744032,0.7726095247270296,NBA,Shot Distance,2014-2024
3.316582914572864,0.7197482148110956,0.6168120717268488,0.7204370440407551,NBA,Shot Distance,2014-2024
3.618090452261306,0.6706835889904383,0.5704113316784877,0.6731095358882172,NBA,Shot Distance,2014-2024
3.9195979899497484,0.626298368835303,0.5286315309163176,0.6304353902608781,NBA,Shot Distance,2014-2024
4.221105527638191,0.5864034329292025,0.4912806767273368,0.592222997150199,NBA,Shot Distance,2014-2024
4.522613065326633,0.5508096598556504,0.45816677639854136,0.5582807465476431,NBA,Shot Distance,2014-2024
4.824120603015075,0.5193279281981604,0.42909783721693,0.528417028444672,NBA,Shot Distance,2014-2024
5.125628140703517,0.49176911654024447,0.4038818664695001,0.502440232832748,NBA,Shot Distance,2014-2024
5.427135678391959,0.4679441034654173,0.38232687144324967,0.4801587497033332,NBA,Shot Distance,2014-2024
5.7286432160804015,0.4476637675571914,0.3642408594251761,0.46138096904789055,NBA,Shot Distance,2014-2024
6.030150753768844,0.4307389873990801,0.34942226811469373,0.44591528085788096,NBA,Shot Distance,2014-2024
6.331658291457286,0.4169806415745974,0.33641208052430044,0.43357007512476803,NBA,Shot Distance,2014-2024
6.633165829145728,0.4061996086672558,0.32629752565469755,0.42415374184001253,NBA,Shot Distance,2014-2024
6.93467336683417,0.3982067672605685,0.31889006365856065,0.41747467099507757,NBA,Shot Distance,2014-2024
7.236180904522612,0.3928129959380489,0.3140011546885637,0.41334125258142507,NBA,Shot Distance,2014-2024
7.537688442211055,0.3898291732832111,0.31144225889738214,0.4115618765905173,NBA,Shot Distance,2014-2024
7.839195979899497,0.3890661778795677,0.3110248364376895,0.4119449330138162,NBA,Shot Distance,2014-2024
8.140703517587939,0.3903348883106315,0.3125603474621616,0.4142988118427844,NBA,Shot Distance,2014-2024
8.442211055276381,0.39344618315991686,0.31586025212347235,0.41843190306888345,NBA,Shot Distance,2014-2024
8.743718592964823,0.3982109410109364,0.32073601057429707,0.4241525966835764,NBA,Shot Distance,2014-2024
9.045226130653266,0.40444004044720433,0.3269990829673101,0.4312692826783249,NBA,Shot Distance,2014-2024
9.346733668341708,0.4119443600522323,0.3344609294551861,0.4395903510445908,NBA,Shot Distance,2014-2024
9.64824120603015,0.42053477840953457,0.3429330101905998,0.44892419177383686,NBA,Shot Distance,2014-2024
9.949748743718592,0.4300221741026246,0.3522267853262263,0.45907919485752563,NBA,Shot Distance,2014-2024
10.251256281407034,0.4402174257150159,0.362117007676119,0.46986375028711796,NBA,Shot Distance,2014-2024
10.552763819095476,0.45093141183022045,0.37233731721170166,0.48108624805407746,NBA,Shot Distance,2014-2024
10.854271356783919,0.4619750110317526,0.3828391520194816,0.4925550781498653,NBA,Shot Distance,2014-2024
11.15577889447236,0.473159101903126,0.39343508065961674,0.5040786305659445,NBA,Shot Distance,2014-2024
11.457286432160803,0.4842945630278525,0.40393767169226485,0.5154652952937764,NBA,Shot Distance,2014-2024
11.758793969849245,0.495192272989447,0.41415949367758287,0.5265234623248239,NBA,Shot Distance,2014-2024
12.060301507537687,0.5056631103714215,0.42391311517572833,0.5370615216505485,NBA,Shot Distance,2014-2024
12.36180904522613,0.5155179537572903,0.4330111047468594,0.5468878632624135,NBA,Shot Distance,2014-2024
12.663316582914572,0.5245834957205249,0.441282229574553,0.5558272495475701,NBA,Shot Distance,2014-2024
12.964824120603014,0.5328116939925696,0.4486835687438644,0.5638341312727554,NBA,Shot Distance,2014-2024
13.266331658291456,0.5402141102428848,0.4552332549859424,0.5709246678095831,NBA,Shot Distance,2014-2024
13.567839195979898,0.5468026699278246,0.4609497936669828,0.577115395162192,NBA,Shot Distance,2014-2024
13.86934673366834,0.552589298503743,0.46583470239217845,0.5824228493347204,NBA,Shot Distance,2014-2024
14.170854271356783,0.5575859214269929,0.4697554449102233,0.5868635663313059,NBA,Shot Distance,2014-2024
14.472361809045225,0.5618044641539277,0.4728773007851115,0.5904540821560874,NBA,Shot Distance,2014-2024
14.773869346733667,0.5652568521409018,0.4752206947347964,0.5935966251282524,NBA,Shot Distance,2014-2024
15.07537688442211,0.5679550108442682,0.4768060514772333,0.5959888832953898,NBA,Shot Distance,2014-2024
15.376884422110551,0.5699108657203802,0.47765379573037636,0.5975731475372109,NBA,Shot Distance,2014-2024
15.678391959798994,0.5711363422255922,0.47778435221218046,0.5983651116480596,NBA,Shot Distance,2014-2024
15.979899497487436,0.5716433658162565,0.47721814564059956,0.5983804694222818,NBA,Shot Distance,2014-2024
16.281407035175878,0.5714438619487281,0.4759756007335887,0.5976349146542212,NBA,Shot Distance,2014-2024
16.58291457286432,0.5705497560793593,0.474077142209102,0.5961441411382226,NBA,Shot Distance,2014-2024
16.884422110552762,0.5689729736645046,0.4715431947850942,0.593923842668631,NBA,Shot Distance,2014-2024
17.185929648241206,0.5667254401605171,0.46839418317951925,0.5909897130397908,NBA,Shot Distance,2014-2024
17.487437185929647,0.5638190810237507,0.464650532110333,0.5873574460460472,NBA,Shot Distance,2014-2024
17.788944723618087,0.560265821710558,0.4603326662954888,0.5830427354817445,NBA,Shot Distance,2014-2024
18.09045226130653,0.5560775876772936,0.45546101045294113,0.5780612751412274,NBA,Shot Distance,2014-2024
18.391959798994975,0.5512663043803108,0.4500559893006449,0.5724287588188406,NBA,Shot Distance,2014-2024
18.693467336683415,0.545843897275963,0.44413802755655457,0.5661608803089293,NBA,Shot Distance,2014-2024
18.994974874371856,0.5398222918206035,0.4377275499386249,0.5592733334058376,NBA,Shot Distance,2014-2024
19.2964824120603,0.5332134134705866,0.4308449811648098,0.5517818119039104,NBA,Shot Distance,2014-2024
19.597989949748744,0.5260291876822648,0.4235107459530639,0.5437020095974922,NBA,Shot Distance,2014-2024
19.899497487437184,0.5182815399119929,0.4157452690213424,0.5350496202809278,NBA,Shot Distance,2014-2024
20.201005025125625,0.5099823956161236,0.4075689750875988,0.5258403377485624,NBA,Shot Distance,2014-2024
20.50251256281407,0.5011436802510104,0.3990022888697887,0.51608985579474,NBA,Shot Distance,2014-2024
20.804020100502512,0.49177731927300755,0.3900656350858656,0.5058138682138054,NBA,Shot Distance,2014-2024
21.105527638190953,0.4818952381384683,0.38077943845378465,0.4950280688001036,NBA,Shot Distance,2014-2024
21.407035175879393,0.47150936230374557,0.37116412369149987,0.48374815134797916,NBA,Shot Distance,2014-2024
21.708542713567837,0.46063161722519363,0.3612401155169663,0.47198980965177695,NBA,Shot Distance,2014-2024
22.01005025125628,0.4492739283591659,0.35102783864813786,0.4597687375058412,NBA,Shot Distance,2014-2024
22.31155778894472,0.43744822116201565,0.34054771780296983,0.44710062870451733,NBA,Shot Distance,2014-2024
22.613065326633162,0.42516642109009706,0.3298201776994161,0.43400117704214963,NBA,Shot Distance,2014-2024
22.914572864321606,0.4124404535997632,0.318865643055431,0.42048607631308205,NBA,Shot Distance,2014-2024
23.21608040201005,0.39928224414736746,0.30770453858896923,0.4065710203116606,NBA,Shot Distance,2014-2024
23.51758793969849,0.3857037181892638,0.29635728901798647,0.39227170283222973,NBA,Shot Distance,2014-2024
23.81909547738693,0.37171680118180606,0.28484431906043556,0.3776038176691331,NBA,Shot Distance,2014-2024
24.120603015075375,0.35733341858134693,0.27318605343427166,0.36258305861671664,NBA,Shot Distance,2014-2024
24.42211055276382,0.34256549584424,0.26140291685744915,0.3472251194693242,NBA,Shot Distance,2014-2024
24.72361809045226,0.3274249584268394,0.24951533404792287,0.3315456940213008,NBA,Shot Distance,2014-2024
25.0251256281407,0.3119235792582865,0.23754242076201,0.31556008516832124,NBA,Shot Distance,2014-2024
25.326633165829143,0.29607041146265556,0.22547995186864606,0.2992766254552193,NBA,Shot Distance,2014-2024
25.628140703517587,0.2798721653533396,0.21330359664868906,0.28269764324196656,NBA,Shot Distance,2014-2024
25.929648241206028,0.26333547464199825,0.20098836700043585,0.2658252705726443,NBA,Shot Distance,2014-2024
26.23115577889447,0.24646697304029175,0.18850927482218305,0.24866163949133255,NBA,Shot Distance,2014-2024
26.532663316582912,0.22927329425987897,0.17584133201222757,0.23120888204211262,NBA,Shot Distance,2014-2024
26.834170854271356,0.21176107201241967,0.16295955046886634,0.21346913026906442,NBA,Shot Distance,2014-2024
27.135678391959797,0.19393694000957484,0.1498389420903963,0.1954445162162696,NBA,Shot Distance,2014-2024
27.437185929648237,0.17580753196300292,0.13645451877511386,0.17713717192780856,NBA,Shot Distance,2014-2024
27.73869346733668,0.15737948158436355,0.12278129242131595,0.15860694062650307,NBA,Shot Distance,2014-2024
28.040201005025125,0.1386594225853165,0.10879427492729954,0.13979416610465228,NBA,Shot Distance,2014-2024
28.341708542713565,0.11965398867752242,0.09446847819136173,0.12068934302358664,NBA,Shot Distance,2014-2024
28.643216080402006,0.10036981357264041,0.07977891411179895,0.10129376808341936,NBA,Shot Distance,2014-2024
28.94472361809045,0.08081353098233002,0.06470059458690768,0.08160873798426271,NBA,Shot Distance,2014-2024
29.246231155778894,0.060991774618250894,0.04920853151498573,0.06163554942622981,NBA,Shot Distance,2014-2024
29.547738693467334,0.04091117819206269,0.03327773679432912,0.04137549910943291,NBA,Shot Distance,2014-2024
29.849246231155774,0.020578375415426398,0.016883222323234855,0.020829883733985536,NBA,Shot Distance,2014-2024
30.15075376884422,0.0,0.0,0.0,NBA,Shot Distance,2014-2024
30.452261306532662,-0.02081731434255618,-0.02111285539241135,-0.017396918277078895,NBA,Shot Distance,2014-2024
30.753768844221103,-0.04186693390058238,-0.042593312020322814,-0.03531197678303334,NBA,Shot Distance,2014-2024
31.055276381909543,-0.06314222496241806,-0.06447490532493425,-0.053721214163914836,NBA,Shot Distance,2014-2024
31.356783919597987,-0.08463655381640478,-0.08675293021363029,-0.07266006506333594,NBA,Shot Distance,2014-2024
31.65829145728643,-0.106343286750883,-0.1094322417272471,-0.09214911512551852,NBA,Shot Distance,2014-2024
31.95979899497487,-0.12825579005419174,-0.1325176949066225,-0.11213718673489875,NBA,Shot Distance,2014-2024
32.26130653266331,-0.15036743001467168,-0.1560141447925939,-0.13268277974893297,NBA,Shot Distance,2014-2024
32.562814070351756,-0.1726715729206637,-0.1799264464259987,-0.15380868573846848,NBA,Shot Distance,2014-2024
32.8643216080402,-0.1951615850605074,-0.20425945484767496,-0.1753483913661495,NBA,Shot Distance,2014-2024
33.16582914572864,-0.2178308327225439,-0.22901802509845826,-0.19611789286700218,NBA,Shot Distance,2014-2024
33.46733668341708,-0.24067268219511273,-0.25420701221918857,-0.21707711043690733,NBA,Shot Distance,2014-2024
33.768844221105525,-0.26368049976655505,-0.27983127125070195,-0.23785085109607004,NBA,Shot Distance,2014-2024
34.07035175879397,-0.2868476517252102,-0.3061488669510108,-0.25877532248175955,NBA,Shot Distance,2014-2024
34.37185929648241,-0.31016750435941887,-0.333436770581017,-0.2798453294580911,NBA,Shot Distance,2014-2024
34.67336683417085,-0.3336334239575208,-0.36131199253322294,-0.3010556768891784,NBA,Shot Distance,2014-2024
34.97487437185929,-0.3572387768078574,-0.3897851967352817,-0.32240116963913856,NBA,Shot Distance,2014-2024
35.27638190954774,-0.38097692919876847,-0.4188670471148416,-0.3438766125720852,NBA,Shot Distance,2014-2024
35.577889447236174,-0.4048412474185935,-0.4485682075995553,-0.3654768105521336,NBA,Shot Distance,2014-2024
35.87939698492462,-0.4288250977556737,-0.48153889413877493,-0.38719656844339945,NBA,Shot Distance,2014-2024
36.18090452261306,-0.45292184649834943,-0.5157516052729122,-0.40903069110999746,NBA,Shot Distance,2014-2024
36.482412060301506,-0.47712485993496123,-0.5510337806325358,-0.43097398341604143,NBA,Shot Distance,2014-2024
36.78391959798995,-0.5014275043538484,-0.5874092267049906,-0.45302125022564815,NBA,Shot Distance,2014-2024
37.08542713567839,-0.5258231460433508,-0.6248963618485704,-0.475167296402931,NBA,Shot Distance,2014-2024
37.38693467336683,-0.5503050688680698,-0.6635122725074618,-0.4974068553710758,NBA,Shot Distance,2014-2024
37.688442211055275,-0.5748616949986257,-0.7032415264998094,-0.5197304466709792,NBA,Shot Distance,2014-2024
37.98994974874371,-0.599473958734707,-0.7440186071925656,-0.5421220997174934,NBA,Shot Distance,2014-2024
38.291457286432156,-0.6241221558073519,-0.7857737267305025,-0.5645652904449089,NBA,Shot Distance,2014-2024
38.5929648241206,-0.6487865819475979,-0.8284370972583938,-0.5870434947875144,NBA,Shot Distance,2014-2024
38.89447236180904,-0.6734475328864827,-0.8719389309210106,-0.6095401886795989,NBA,Shot Distance,2014-2024
39.19597989949749,-0.6980853043550431,-0.9167543863266726,-0.6320388480554516,NBA,Shot Distance,2014-2024
39.497487437185924,-0.722680192084317,-0.9629690320533938,-0.6545229488493601,NBA,Shot Distance,2014-2024
39.79899497487437,-0.7472124918053428,-1.0098958968541145,-0.6769759669956158,NBA,Shot Distance,2014-2024
40.10050251256281,-0.7716624992491578,-1.0574612589333723,-0.6993813784285073,NBA,Shot Distance,2014-2024
40.40201005025125,-0.796010510146799,-1.1055913964957007,-0.7217226590823222,NBA,Shot Distance,2014-2024
40.70351758793969,-0.820236820229305,-1.1542125877456422,-0.7439832848913509,NBA,Shot Distance,2014-2024
41.00502512562814,-0.8443217252277132,-1.2032511108877313,-0.7661467317898826,NBA,Shot Distance,2014-2024
41.30653266331658,-0.8682455208730605,-1.252633244126505,-0.7881964757122059,NBA,Shot Distance,2014-2024
41.608040201005025,-0.8919885028963858,-1.302285265666501,-0.8101159925926102,NBA,Shot Distance,2014-2024
41.90954773869346,-0.9155309670287252,-1.3521334537122547,-0.8318887583653838,NBA,Shot Distance,2014-2024
42.211055276381906,-0.9388532090011176,-1.402104086468306,-0.8534982489648169,NBA,Shot Distance,2014-2024
42.51256281407035,-0.9619355245446003,-1.4521234421391913,-0.8749279403251982,NBA,Shot Distance,2014-2024
42.81407035175879,-0.98475820939021,-1.502117798929446,-0.8961613083808162,NBA,Shot Distance,2014-2024
43.11557788944723,-1.0073015592689867,-1.5520134350436097,-0.9171818290659608,NBA,Shot Distance,2014-2024
43.417085427135675,-1.0295458699119653,-1.6017366286862187,-0.9379729783149214,NBA,Shot Distance,2014-2024
43.71859296482412,-1.0514714370501852,-1.65121365806181,-0.9585182320619853,NBA,Shot Distance,2014-2024
44.02010050251256,-1.0730585564146837,-1.7003708013749204,-0.9788010662414437,NBA,Shot Distance,2014-2024
44.321608040201,-1.0942875237364982,-1.7491343368300871,-0.9988049567875845,NBA,Shot Distance,2014-2024
44.62311557788944,-1.1151386347466663,-1.7974305426318486,-1.0185133796346972,NBA,Shot Distance,2014-2024
44.92462311557789,-1.1355921851762258,-1.8451856969847404,-1.0379098107170708,NBA,Shot Distance,2014-2024
45.226130653266324,-1.1556284707562132,-1.8923260780933013,-1.0569777259689943,NBA,Shot Distance,2014-2024
45.52763819095477,-1.1752277872176689,-1.938777964162066,-1.0757006013247572,NBA,Shot Distance,2014-2024
45.82914572864321,-1.1943704302916283,-1.9844676333955755,-1.094061912718648,NBA,Shot Distance,2014-2024
46.130653266331656,-1.21303669570913,-2.029321363998364,-1.1120451360849566,NBA,Shot Distance,2014-2024
46.4321608040201,-1.2312068792012103,-2.0732654341749703,-1.1296337473579707,NBA,Shot Distance,2014-2024
46.73366834170854,-1.248861276498908,-2.116226122129928,-1.1468112224719809,NBA,Shot Distance,2014-2024
47.03517587939698,-1.265980183333261,-2.158129706067779,-1.1635610373612757,NBA,Shot Distance,2014-2024
47.336683417085425,-1.2825438954353063,-2.1989024641930595,-1.1798666679601442,NBA,Shot Distance,2014-2024
47.63819095477386,-1.2985327085360812,-2.238470674710303,-1.1957115902028745,NBA,Shot Distance,2014-2024
47.939698492462306,-1.3139269183666253,-2.2767606158240508,-1.2110792800237582,NBA,Shot Distance,2014-2024
48.24120603015075,-1.3287068206579735,-2.3136985657388394,-1.225953213357082,NBA,Shot Distance,2014-2024
48.54271356783919,-1.3428527111411652,-2.349210802659204,-1.2403168661371362,NBA,Shot Distance,2014-2024
48.84422110552764,-1.3563448855472378,-2.3832236047896833,-1.2541537142982098,NBA,Shot Distance,2014-2024
49.145728643216074,-1.3691636396072284,-2.415663250334814,-1.2674472337745912,NBA,Shot Distance,2014-2024
49.44723618090452,-1.381289269052175,-2.4464560174991328,-1.28018090050057,NBA,Shot Distance,2014-2024
49.74874371859296,-1.3927020757697437,-2.4755282104737004,-1.2923381941356125,NBA,Shot Distance,2014-2024
50.0502512562814,-1.4033880433504131,-2.5028301153549393,-1.3039060321537792,NBA,Shot Distance,2014-2024
50.35175879396984,-1.4133493484733521,-2.5283803676643557,-1.3148811299433303,NBA,Shot Distance,2014-2024
50.65326633165829,-1.4225910336323442,-2.5522096992433676,-1.3252619369042506,NBA,Shot Distance,2014-2024
50.95477386934673,-1.4311181413211722,-2.5743488419333875,-1.3350469024365266,NBA,Shot Distance,2014-2024
51.256281407035175,-1.438935714033616,-2.5948285275758316,-1.344234475940144,NBA,Shot Distance,2014-2024
51.55778894472361,-1.446048794263461,-2.613679488012114,-1.3528231068150887,NBA,Shot Distance,2014-2024
51.859296482412056,-1.4524624245044881,-2.630932455083652,-1.3608112444613472,NBA,Shot Distance,2014-2024
52.1608040201005,-1.4581816472504805,-2.64661816063186,-1.3681973382789046,NBA,Shot Distance,2014-2024
52.46231155778894,-1.4632115049952197,-2.6607673364981523,-1.374979837667747,NBA,Shot Distance,2014-2024
52.76381909547738,-1.4675570402324887,-2.673410714523945,-1.3811571920278594,NBA,Shot Distance,2014-2024
53.065326633165824,-1.471223295456071,-2.684579026550652,-1.3867278507592293,NBA,Shot Distance,2014-2024
53.36683417085427,-1.474215313159747,-2.69430300441969,-1.3916902632618415,NBA,Shot Distance,2014-2024
53.66834170854271,-1.4765381358373002,-2.7026133799724743,-1.3960428789356816,NBA,Shot Distance,2014-2024
53.96984924623115,-1.4781968059825137,-2.7095408850504183,-1.3997841471807368,NBA,Shot Distance,2014-2024
54.27135678391959,-1.4791963660891687,-2.715116251494939,-1.4029125173969914,NBA,Shot Distance,2014-2024
54.57286432160804,-1.4795418586510483,-2.719370211147451,-1.4047636286772753,NBA,Shot Distance,2014-2024
54.874371859296474,-1.479238326161934,-2.7223334958493686,-1.4053209851559445,NBA,Shot Distance,2014-2024
55.17587939698492,-1.4782908111156101,-2.7240368374421076,-1.4052514559228229,NBA,Shot Distance,2014-2024
55.47738693467336,-1.476704356005858,-2.724510967767083,-1.4045568547298126,NBA,Shot Distance,2014-2024
55.778894472361806,-1.4744840033264586,-2.723786618665711,-1.4032389953288151,NBA,Shot Distance,2014-2024
56.08040201005025,-1.4716347955711977,-2.7218945219794053,-1.4012996914717337,NBA,Shot Distance,2014-2024
56.38190954773869,-1.4681617752338556,-2.718865409549582,-1.3987407569104693,NBA,Shot Distance,2014-2024
56.68341708542713,-1.4640699848082148,-2.7147300132176566,-1.3955640053969252,NBA,Shot Distance,2014-2024
56.984924623115575,-1.4593644667880579,-2.7095190648250425,-1.391771250683002,NBA,Shot Distance,2014-2024
57.28643216080401,-1.4540502636671677,-2.7032632962131573,-1.387364306520603,NBA,Shot Distance,2014-2024
57.587939698492455,-1.448132417939326,-2.6959934392234146,-1.3823449866616289,NBA,Shot Distance,2014-2024
57.8894472361809,-1.4416159720983166,-2.6877402256972305,-1.3767151048579833,NBA,Shot Distance,2014-2024
58.19095477386934,-1.4345059686379202,-2.678534387476019,-1.3704764748615665,NBA,Shot Distance,2014-2024
58.49246231155779,-1.42680745005192,-2.6684066564011952,-1.363630910424283,NBA,Shot Distance,2014-2024
58.793969849246224,-1.418525458834099,-2.657387764314176,-1.356180225298033,NBA,Shot Distance,2014-2024
59.09547738693467,-1.4096650374782396,-2.645508443056375,-1.3481262332347195,NBA,Shot Distance,2014-2024
59.39698492462311,-1.400231228478122,-2.6327994244692086,-1.3394707479862433,NBA,Shot Distance,2014-2024
59.69849246231155,-1.3902290743275318,-2.619291440394091,-1.3302155833045084,NBA,Shot Distance,2014-2024
60.0,-1.37966361752025,-2.6050152226724372,-1.320362552941415,NBA,Shot Distance,2014-2024
