sport,model_family,target_label,factor_key,plot_type,x_value,fitted_effect,lower_ci,upper_ci,baseline_value,season_window
NBA,LogisticGAM,Expected FG,angle,continuous_pdp,-1.6,-0.01540778906846051,,,0.0,2014-2024
NBA,LogisticGAM,Expected FG,angle,continuous_pdp,-1.5839195979899499,-0.015252936917018265,,,0.0,2014-2024
NBA,LogisticGAM,Expected FG,angle,continuous_pdp,-1.5678391959798996,-0.015098084765576895,,,0.0,2014-2024
NBA,LogisticGAM,Expected FG,angle,continuous_pdp,-1.5517587939698494,-0.014943232614135087,,,0.0,2014-2024
NBA,LogisticGAM,Expected FG,angle,continuous_pdp,-1.5356783919597992,-0.014788380462693037,,,0.0,2014-2024
NBA,LogisticGAM,Expected FG,angle,continuous_pdp,-1.519597989949749,-0.014633528311251507,,,0.0,2014-2024
NBA,LogisticGAM,Expected FG,angle,continuous_pdp,-1.5035175879396985,-0.014478676159809401,,,0.0,2014-2024
NBA,LogisticGAM,Expected FG,angle,continuous_pdp,-1.4874371859296482,-0.01432382400836783,,,0.0,2014-2024
NBA,LogisticGAM,Expected FG,angle,continuous_pdp,-1.471356783919598,-0.014168971856926147,,,0.0,2014-2024
NBA,LogisticGAM,Expected FG,angle,continuous_pdp,-1.4552763819095478,-0.014014119705484527,,,0.0,2014-2024
NBA,LogisticGAM,Expected FG,angle,continuous_pdp,-1.4391959798994975,-0.013859267554041977,,,0.0,2014-2024
NBA,LogisticGAM,Expected FG,angle,continuous_pdp,-1.4231155778894473,-0.01370441540260062,,,0.0,2014-2024
NBA,LogisticGAM,Expected FG,angle,continuous_pdp,-1.407035175879397,-0.013549563251158993,,,0.0,2014-2024
NBA,LogisticGAM,Expected FG,angle,continuous_pdp,-1.3909547738693468,-0.013394711099716902,,,0.0,2014-2024
NBA,LogisticGAM,Expected FG,angle,continuous_pdp,-1.3748743718592966,-0.013239858948274844,,,0.0,2014-2024
NBA,LogisticGAM,Expected FG,angle,continuous_pdp,-1.3587939698492464,-0.013085006796833425,,,0.0,2014-2024
NBA,LogisticGAM,Expected FG,angle,continuous_pdp,-1.342713567839196,-0.012930154645391167,,,0.0,2014-2024
NBA,LogisticGAM,Expected FG,angle,continuous_pdp,-1.3266331658291457,-0.012775302493949484,,,0.0,2014-2024
NBA,LogisticGAM,Expected FG,angle,continuous_pdp,-1.3105527638190955,-0.01262045034250792,,,0.0,2014-2024
NBA,LogisticGAM,Expected FG,angle,continuous_pdp,-1.2944723618090452,-0.012465598191065925,,,0.0,2014-2024
NBA,LogisticGAM,Expected FG,angle,continuous_pdp,-1.278391959798995,-0.012310746039623854,,,0.0,2014-2024
NBA,LogisticGAM,Expected FG,angle,continuous_pdp,-1.2623115577889448,-0.012155893888182518,,,0.0,2014-2024
NBA,LogisticGAM,Expected FG,angle,continuous_pdp,-1.2462311557788945,-0.012001041736740773,,,0.0,2014-2024
NBA,LogisticGAM,Expected FG,angle,continuous_pdp,-1.2301507537688443,-0.011846189585298855,,,0.0,2014-2024
NBA,LogisticGAM,Expected FG,angle,continuous_pdp,-1.214070351758794,-0.01169133743385722,,,0.0,2014-2024
NBA,LogisticGAM,Expected FG,angle,continuous_pdp,-1.1979899497487438,-0.011536485282415295,,,0.0,2014-2024
NBA,LogisticGAM,Expected FG,angle,continuous_pdp,-1.1819095477386936,-0.011381633130973064,,,0.0,2014-2024
NBA,LogisticGAM,Expected FG,angle,continuous_pdp,-1.1658291457286434,-0.011226780979532034,,,0.0,2014-2024
NBA,LogisticGAM,Expected FG,angle,continuous_pdp,-1.1497487437185931,-0.011071928828089984,,,0.0,2014-2024
NBA,LogisticGAM,Expected FG,angle,continuous_pdp,-1.1336683417085427,-0.010917076676647954,,,0.0,2014-2024
NBA,LogisticGAM,Expected FG,angle,continuous_pdp,-1.1175879396984925,-0.010762224525206383,,,0.0,2014-2024
NBA,LogisticGAM,Expected FG,angle,continuous_pdp,-1.1015075376884422,-0.010607372373764561,,,0.0,2014-2024
NBA,LogisticGAM,Expected FG,angle,continuous_pdp,-1.085427135678392,-0.010452520222322233,,,0.0,2014-2024
NBA,LogisticGAM,Expected FG,angle,continuous_pdp,-1.0693467336683418,-0.01029766807088089,,,0.0,2014-2024
NBA,LogisticGAM,Expected FG,angle,continuous_pdp,-1.0532663316582915,-0.010142815919438882,,,0.0,2014-2024
NBA,LogisticGAM,Expected FG,angle,continuous_pdp,-1.037185929648241,-0.009987963767996991,,,0.0,2014-2024
NBA,LogisticGAM,Expected FG,angle,continuous_pdp,-1.0211055276381908,-0.009833111616555073,,,0.0,2014-2024
NBA,LogisticGAM,Expected FG,angle,continuous_pdp,-1.0050251256281406,-0.009678259465113224,,,0.0,2014-2024
NBA,LogisticGAM,Expected FG,angle,continuous_pdp,-0.9889447236180905,-0.009523407313671978,,,0.0,2014-2024
NBA,LogisticGAM,Expected FG,angle,continuous_pdp,-0.9728643216080403,-0.009368555162229921,,,0.0,2014-2024
NBA,LogisticGAM,Expected FG,angle,continuous_pdp,-0.9567839195979899,-0.009213703010788065,,,0.0,2014-2024
NBA,LogisticGAM,Expected FG,angle,continuous_pdp,-0.9407035175879397,-0.009058850859346244,,,0.0,2014-2024
NBA,LogisticGAM,Expected FG,angle,continuous_pdp,-0.9246231155778895,-0.008903998707904547,,,0.0,2014-2024
NBA,LogisticGAM,Expected FG,angle,continuous_pdp,-0.9085427135678392,-0.008749146556462594,,,0.0,2014-2024
NBA,LogisticGAM,Expected FG,angle,continuous_pdp,-0.892462311557789,-0.008594294405020794,,,0.0,2014-2024
NBA,LogisticGAM,Expected FG,angle,continuous_pdp,-0.8763819095477388,-0.008439442253579229,,,0.0,2014-2024
NBA,LogisticGAM,Expected FG,angle,continuous_pdp,-0.8603015075376884,-0.0082845901021374,,,0.0,2014-2024
NBA,LogisticGAM,Expected FG,angle,continuous_pdp,-0.8442211055276382,-0.008129737950695607,,,0.0,2014-2024
NBA,LogisticGAM,Expected FG,angle,continuous_pdp,-0.828140703517588,-0.007974885799253807,,,0.0,2014-2024
NBA,LogisticGAM,Expected FG,angle,continuous_pdp,-0.8120603015075377,-0.007820033647811617,,,0.0,2014-2024
NBA,LogisticGAM,Expected FG,angle,continuous_pdp,-0.7959798994974875,-0.007665181496370025,,,0.0,2014-2024
NBA,LogisticGAM,Expected FG,angle,continuous_pdp,-0.7798994974874371,-0.007510329344928176,,,0.0,2014-2024
NBA,LogisticGAM,Expected FG,angle,continuous_pdp,-0.7638190954773869,-0.007355477193486604,,,0.0,2014-2024
NBA,LogisticGAM,Expected FG,angle,continuous_pdp,-0.7477386934673367,-0.007200625042044471,,,0.0,2014-2024
NBA,LogisticGAM,Expected FG,angle,continuous_pdp,-0.7316582914572864,-0.0070457728906030935,,,0.0,2014-2024
NBA,LogisticGAM,Expected FG,angle,continuous_pdp,-0.7155778894472362,-0.006890920739160592,,,0.0,2014-2024
NBA,LogisticGAM,Expected FG,angle,continuous_pdp,-0.699497487437186,-0.006736068587719118,,,0.0,2014-2024
NBA,LogisticGAM,Expected FG,angle,continuous_pdp,-0.6834170854271356,-0.006581216436277345,,,0.0,2014-2024
NBA,LogisticGAM,Expected FG,angle,continuous_pdp,-0.6673366834170854,-0.006426364284835579,,,0.0,2014-2024
NBA,LogisticGAM,Expected FG,angle,continuous_pdp,-0.6512562814070352,-0.006271512133393779,,,0.0,2014-2024
NBA,LogisticGAM,Expected FG,angle,continuous_pdp,-0.6351758793969849,-0.006116659981951895,,,0.0,2014-2024
NBA,LogisticGAM,Expected FG,angle,continuous_pdp,-0.6190954773869347,-0.005961807830510004,,,0.0,2014-2024
NBA,LogisticGAM,Expected FG,angle,continuous_pdp,-0.6030150753768844,-0.005806955679068516,,,0.0,2014-2024
NBA,LogisticGAM,Expected FG,angle,continuous_pdp,-0.5869346733668341,-0.005652103527626583,,,0.0,2014-2024
NBA,LogisticGAM,Expected FG,angle,continuous_pdp,-0.5708542713567839,-0.005497251376184748,,,0.0,2014-2024
NBA,LogisticGAM,Expected FG,angle,continuous_pdp,-0.5547738693467337,-0.005342399224742497,,,0.0,2014-2024
NBA,LogisticGAM,Expected FG,angle,continuous_pdp,-0.5386934673366834,-0.005187547073301175,,,0.0,2014-2024
NBA,LogisticGAM,Expected FG,angle,continuous_pdp,-0.5226130653266332,-0.005032694921859249,,,0.0,2014-2024
NBA,LogisticGAM,Expected FG,angle,continuous_pdp,-0.506532663316583,-0.004877842770417248,,,0.0,2014-2024
NBA,LogisticGAM,Expected FG,angle,continuous_pdp,-0.49045226130653274,-0.004722990618975836,,,0.0,2014-2024
NBA,LogisticGAM,Expected FG,angle,continuous_pdp,-0.4743718592964823,-0.004568138467533584,,,0.0,2014-2024
NBA,LogisticGAM,Expected FG,angle,continuous_pdp,-0.45829145728643206,-0.004413286316092193,,,0.0,2014-2024
NBA,LogisticGAM,Expected FG,angle,continuous_pdp,-0.4422110552763818,-0.004258434164650129,,,0.0,2014-2024
NBA,LogisticGAM,Expected FG,angle,continuous_pdp,-0.4261306532663316,-0.004103582013208391,,,0.0,2014-2024
NBA,LogisticGAM,Expected FG,angle,continuous_pdp,-0.41005025125628136,-0.003948729861766375,,,0.0,2014-2024
NBA,LogisticGAM,Expected FG,angle,continuous_pdp,-0.39396984924623113,-0.003793877710324408,,,0.0,2014-2024
NBA,LogisticGAM,Expected FG,angle,continuous_pdp,-0.3778894472361809,-0.003639025558882677,,,0.0,2014-2024
NBA,LogisticGAM,Expected FG,angle,continuous_pdp,-0.36180904522613067,-0.0034841734074412857,,,0.0,2014-2024
NBA,LogisticGAM,Expected FG,angle,continuous_pdp,-0.34572864321608043,-0.003329321255999395,,,0.0,2014-2024
NBA,LogisticGAM,Expected FG,angle,continuous_pdp,-0.3296482412060302,-0.0031744691045576777,,,0.0,2014-2024
NBA,LogisticGAM,Expected FG,angle,continuous_pdp,-0.31356783919597975,-0.003019616953115773,,,0.0,2014-2024
NBA,LogisticGAM,Expected FG,angle,continuous_pdp,-0.2974874371859295,-0.0028647648016738893,,,0.0,2014-2024
NBA,LogisticGAM,Expected FG,angle,continuous_pdp,-0.2814070351758793,-0.002709912650232238,,,0.0,2014-2024
NBA,LogisticGAM,Expected FG,angle,continuous_pdp,-0.26532663316582905,-0.002555060498790243,,,0.0,2014-2024
NBA,LogisticGAM,Expected FG,angle,continuous_pdp,-0.24924623115577882,-0.002400208347348689,,,0.0,2014-2024
NBA,LogisticGAM,Expected FG,angle,continuous_pdp,-0.2331658291457286,-0.0022453561959066524,,,0.0,2014-2024
NBA,LogisticGAM,Expected FG,angle,continuous_pdp,-0.21708542713567835,-0.0020905040444648207,,,0.0,2014-2024
NBA,LogisticGAM,Expected FG,angle,continuous_pdp,-0.20100502512562812,-0.0019356518930231902,,,0.0,2014-2024
NBA,LogisticGAM,Expected FG,angle,continuous_pdp,-0.1849246231155779,-0.001780799741581185,,,0.0,2014-2024
NBA,LogisticGAM,Expected FG,angle,continuous_pdp,-0.16884422110552766,-0.00162594759013927,,,0.0,2014-2024
NBA,LogisticGAM,Expected FG,angle,continuous_pdp,-0.15276381909547743,-0.001471095438697452,,,0.0,2014-2024
NBA,LogisticGAM,Expected FG,angle,continuous_pdp,-0.13668341708542697,-0.0013162432872556272,,,0.0,2014-2024
NBA,LogisticGAM,Expected FG,angle,continuous_pdp,-0.12060301507537674,-0.0011613911358140348,,,0.0,2014-2024
NBA,LogisticGAM,Expected FG,angle,continuous_pdp,-0.10452261306532651,-0.0010065389843722378,,,0.0,2014-2024
NBA,LogisticGAM,Expected FG,angle,continuous_pdp,-0.08844221105527628,-0.0008516868329303644,,,0.0,2014-2024
NBA,LogisticGAM,Expected FG,angle,continuous_pdp,-0.07236180904522604,-0.00069683468148821,,,0.0,2014-2024
NBA,LogisticGAM,Expected FG,angle,continuous_pdp,-0.05628140703517581,-0.0005419825300463782,,,0.0,2014-2024
NBA,LogisticGAM,Expected FG,angle,continuous_pdp,-0.04020100502512558,-0.0003871303786050079,,,0.0,2014-2024
NBA,LogisticGAM,Expected FG,angle,continuous_pdp,-0.024120603015075348,-0.00023227822716299223,,,0.0,2014-2024
NBA,LogisticGAM,Expected FG,angle,continuous_pdp,-0.008040201005025116,-7.742607572162191e-05,,,0.0,2014-2024
NBA,LogisticGAM,Expected FG,angle,continuous_pdp,0.008040201005025116,7.742607572042495e-05,,,0.0,2014-2024
NBA,LogisticGAM,Expected FG,angle,continuous_pdp,0.024120603015075348,0.00023227822716231222,,,0.0,2014-2024
NBA,LogisticGAM,Expected FG,angle,continuous_pdp,0.0402010050251258,0.0003871303786037554,,,0.0,2014-2024
NBA,LogisticGAM,Expected FG,angle,continuous_pdp,0.056281407035176034,0.0005419825300461874,,,0.0,2014-2024
NBA,LogisticGAM,Expected FG,angle,continuous_pdp,0.07236180904522627,0.0006968346814878353,,,0.0,2014-2024
NBA,LogisticGAM,Expected FG,angle,continuous_pdp,0.0884422110552765,0.000851686832929556,,,0.0,2014-2024
NBA,LogisticGAM,Expected FG,angle,continuous_pdp,0.10452261306532673,0.0010065389843716237,,,0.0,2014-2024
NBA,LogisticGAM,Expected FG,angle,continuous_pdp,0.12060301507537696,0.001161391135813393,,,0.0,2014-2024
NBA,LogisticGAM,Expected FG,angle,continuous_pdp,0.1366834170854272,0.00131624328725502,,,0.0,2014-2024
NBA,LogisticGAM,Expected FG,angle,continuous_pdp,0.15276381909547743,0.0014710954386968796,,,0.0,2014-2024
NBA,LogisticGAM,Expected FG,angle,continuous_pdp,0.16884422110552766,0.0016259475901387738,,,0.0,2014-2024
NBA,LogisticGAM,Expected FG,angle,continuous_pdp,0.1849246231155779,0.001780799741580269,,,0.0,2014-2024
NBA,LogisticGAM,Expected FG,angle,continuous_pdp,0.20100502512562812,0.0019356518930219585,,,0.0,2014-2024
NBA,LogisticGAM,Expected FG,angle,continuous_pdp,0.21708542713567858,0.0020905040444640782,,,0.0,2014-2024
NBA,LogisticGAM,Expected FG,angle,continuous_pdp,0.2331658291457288,0.0022453561959056186,,,0.0,2014-2024
NBA,LogisticGAM,Expected FG,angle,continuous_pdp,0.24924623115577904,0.0024002083473477175,,,0.0,2014-2024
NBA,LogisticGAM,Expected FG,angle,continuous_pdp,0.2653266331658293,0.0025550604987896915,,,0.0,2014-2024
NBA,LogisticGAM,Expected FG,angle,continuous_pdp,0.2814070351758795,0.0027099126502308536,,,0.0,2014-2024
NBA,LogisticGAM,Expected FG,angle,continuous_pdp,0.29748743718592974,0.0028647648016733515,,,0.0,2014-2024
NBA,LogisticGAM,Expected FG,angle,continuous_pdp,0.31356783919597997,0.003019616953115232,,,0.0,2014-2024
NBA,LogisticGAM,Expected FG,angle,continuous_pdp,0.3296482412060302,0.0031744691045565918,,,0.0,2014-2024
NBA,LogisticGAM,Expected FG,angle,continuous_pdp,0.34572864321608043,0.003329321255998191,,,0.0,2014-2024
NBA,LogisticGAM,Expected FG,angle,continuous_pdp,0.36180904522613067,0.003484173407440224,,,0.0,2014-2024
NBA,LogisticGAM,Expected FG,angle,continuous_pdp,0.3778894472361811,0.003639025558881858,,,0.0,2014-2024
NBA,LogisticGAM,Expected FG,angle,continuous_pdp,0.39396984924623135,0.003793877710324179,,,0.0,2014-2024
NBA,LogisticGAM,Expected FG,angle,continuous_pdp,0.4100502512562816,0.003948729861765657,,,0.0,2014-2024
NBA,LogisticGAM,Expected FG,angle,continuous_pdp,0.4261306532663318,0.004103582013207825,,,0.0,2014-2024
NBA,LogisticGAM,Expected FG,angle,continuous_pdp,0.44221105527638205,0.0042584341646494835,,,0.0,2014-2024
NBA,LogisticGAM,Expected FG,angle,continuous_pdp,0.4582914572864323,0.004413286316091353,,,0.0,2014-2024
NBA,LogisticGAM,Expected FG,angle,continuous_pdp,0.4743718592964825,0.004568138467532675,,,0.0,2014-2024
NBA,LogisticGAM,Expected FG,angle,continuous_pdp,0.49045226130653274,0.0047229906189749545,,,0.0,2014-2024
NBA,LogisticGAM,Expected FG,angle,continuous_pdp,0.506532663316583,0.00487784277041663,,,0.0,2014-2024
NBA,LogisticGAM,Expected FG,angle,continuous_pdp,0.5226130653266332,0.005032694921858389,,,0.0,2014-2024
NBA,LogisticGAM,Expected FG,angle,continuous_pdp,0.5386934673366834,0.005187547073300134,,,0.0,2014-2024
NBA,LogisticGAM,Expected FG,angle,continuous_pdp,0.5547738693467337,0.005342399224742434,,,0.0,2014-2024
NBA,LogisticGAM,Expected FG,angle,continuous_pdp,0.5708542713567839,0.0054972513761836934,,,0.0,2014-2024
NBA,LogisticGAM,Expected FG,angle,continuous_pdp,0.5869346733668341,0.005652103527625605,,,0.0,2014-2024
NBA,LogisticGAM,Expected FG,angle,continuous_pdp,0.6030150753768844,0.0058069556790676935,,,0.0,2014-2024
NBA,LogisticGAM,Expected FG,angle,continuous_pdp,0.6190954773869346,0.00596180783050914,,,0.0,2014-2024
NBA,LogisticGAM,Expected FG,angle,continuous_pdp,0.6351758793969853,0.006116659981951385,,,0.0,2014-2024
NBA,LogisticGAM,Expected FG,angle,continuous_pdp,0.6512562814070355,0.006271512133392915,,,0.0,2014-2024
NBA,LogisticGAM,Expected FG,angle,continuous_pdp,0.6673366834170857,0.006426364284834812,,,0.0,2014-2024
NBA,LogisticGAM,Expected FG,angle,continuous_pdp,0.683417085427136,0.006581216436276797,,,0.0,2014-2024
NBA,LogisticGAM,Expected FG,angle,continuous_pdp,0.6994974874371862,0.0067360685877186945,,,0.0,2014-2024
NBA,LogisticGAM,Expected FG,angle,continuous_pdp,0.7155778894472364,0.006890920739160086,,,0.0,2014-2024
NBA,LogisticGAM,Expected FG,angle,continuous_pdp,0.7316582914572867,0.007045772890602035,,,0.0,2014-2024
NBA,LogisticGAM,Expected FG,angle,continuous_pdp,0.7477386934673369,0.00720062504204411,,,0.0,2014-2024
NBA,LogisticGAM,Expected FG,angle,continuous_pdp,0.7638190954773871,0.007355477193485647,,,0.0,2014-2024
NBA,LogisticGAM,Expected FG,angle,continuous_pdp,0.7798994974874374,0.007510329344927225,,,0.0,2014-2024
NBA,LogisticGAM,Expected FG,angle,continuous_pdp,0.7959798994974876,0.007665181496368963,,,0.0,2014-2024
NBA,LogisticGAM,Expected FG,angle,continuous_pdp,0.8120603015075378,0.00782003364781085,,,0.0,2014-2024
NBA,LogisticGAM,Expected FG,angle,continuous_pdp,0.8281407035175881,0.007974885799252877,,,0.0,2014-2024
NBA,LogisticGAM,Expected FG,angle,continuous_pdp,0.8442211055276383,0.008129737950694785,,,0.0,2014-2024
NBA,LogisticGAM,Expected FG,angle,continuous_pdp,0.8603015075376885,0.00828459010213655,,,0.0,2014-2024
NBA,LogisticGAM,Expected FG,angle,continuous_pdp,0.8763819095477388,0.008439442253578244,,,0.0,2014-2024
NBA,LogisticGAM,Expected FG,angle,continuous_pdp,0.892462311557789,0.008594294405020155,,,0.0,2014-2024
NBA,LogisticGAM,Expected FG,angle,continuous_pdp,0.9085427135678392,0.008749146556461779,,,0.0,2014-2024
NBA,LogisticGAM,Expected FG,angle,continuous_pdp,0.9246231155778895,0.008903998707904058,,,0.0,2014-2024
NBA,LogisticGAM,Expected FG,angle,continuous_pdp,0.9407035175879397,0.009058850859345456,,,0.0,2014-2024
NBA,LogisticGAM,Expected FG,angle,continuous_pdp,0.9567839195979899,0.00921370301078735,,,0.0,2014-2024
NBA,LogisticGAM,Expected FG,angle,continuous_pdp,0.9728643216080406,0.009368555162229088,,,0.0,2014-2024
NBA,LogisticGAM,Expected FG,angle,continuous_pdp,0.9889447236180908,0.009523407313670674,,,0.0,2014-2024
NBA,LogisticGAM,Expected FG,angle,continuous_pdp,1.005025125628141,0.009678259465112568,,,0.0,2014-2024
NBA,LogisticGAM,Expected FG,angle,continuous_pdp,1.0211055276381913,0.009833111616554417,,,0.0,2014-2024
NBA,LogisticGAM,Expected FG,angle,continuous_pdp,1.0371859296482415,0.009987963767996658,,,0.0,2014-2024
NBA,LogisticGAM,Expected FG,angle,continuous_pdp,1.0532663316582918,0.010142815919438355,,,0.0,2014-2024
NBA,LogisticGAM,Expected FG,angle,continuous_pdp,1.069346733668342,0.01029766807088004,,,0.0,2014-2024
NBA,LogisticGAM,Expected FG,angle,continuous_pdp,1.0854271356783922,0.010452520222321664,,,0.0,2014-2024
NBA,LogisticGAM,Expected FG,angle,continuous_pdp,1.1015075376884425,0.01060737237376351,,,0.0,2014-2024
NBA,LogisticGAM,Expected FG,angle,continuous_pdp,1.1175879396984927,0.010762224525205286,,,0.0,2014-2024
NBA,LogisticGAM,Expected FG,angle,continuous_pdp,1.133668341708543,0.010917076676647139,,,0.0,2014-2024
NBA,LogisticGAM,Expected FG,angle,continuous_pdp,1.1497487437185931,0.011071928828089547,,,0.0,2014-2024
NBA,LogisticGAM,Expected FG,angle,continuous_pdp,1.1658291457286434,0.011226780979530834,,,0.0,2014-2024
NBA,LogisticGAM,Expected FG,angle,continuous_pdp,1.1819095477386936,0.011381633130972808,,,0.0,2014-2024
NBA,LogisticGAM,Expected FG,angle,continuous_pdp,1.1979899497487438,0.011536485282414112,,,0.0,2014-2024
NBA,LogisticGAM,Expected FG,angle,continuous_pdp,1.214070351758794,0.011691337433856537,,,0.0,2014-2024
NBA,LogisticGAM,Expected FG,angle,continuous_pdp,1.2301507537688443,0.011846189585298025,,,0.0,2014-2024
NBA,LogisticGAM,Expected FG,angle,continuous_pdp,1.2462311557788945,0.01200104173674012,,,0.0,2014-2024
NBA,LogisticGAM,Expected FG,angle,continuous_pdp,1.2623115577889448,0.012155893888181533,,,0.0,2014-2024
NBA,LogisticGAM,Expected FG,angle,continuous_pdp,1.278391959798995,0.012310746039623333,,,0.0,2014-2024
NBA,LogisticGAM,Expected FG,angle,continuous_pdp,1.2944723618090452,0.012465598191065227,,,0.0,2014-2024
NBA,LogisticGAM,Expected FG,angle,continuous_pdp,1.3105527638190955,0.012620450342506797,,,0.0,2014-2024
NBA,LogisticGAM,Expected FG,angle,continuous_pdp,1.3266331658291461,0.012775302493949078,,,0.0,2014-2024
NBA,LogisticGAM,Expected FG,angle,continuous_pdp,1.3427135678391964,0.012930154645390615,,,0.0,2014-2024
NBA,LogisticGAM,Expected FG,angle,continuous_pdp,1.3587939698492466,0.01308500679683231,,,0.0,2014-2024
NBA,LogisticGAM,Expected FG,angle,continuous_pdp,1.3748743718592968,0.013239858948274376,,,0.0,2014-2024
NBA,LogisticGAM,Expected FG,angle,continuous_pdp,1.390954773869347,0.013394711099716,,,0.0,2014-2024
NBA,LogisticGAM,Expected FG,angle,continuous_pdp,1.4070351758793973,0.013549563251157824,,,0.0,2014-2024
NBA,LogisticGAM,Expected FG,angle,continuous_pdp,1.4231155778894475,0.013704415402599915,,,0.0,2014-2024
NBA,LogisticGAM,Expected FG,angle,continuous_pdp,1.4391959798994978,0.01385926755404131,,,0.0,2014-2024
NBA,LogisticGAM,Expected FG,angle,continuous_pdp,1.455276381909548,0.01401411970548341,,,0.0,2014-2024
NBA,LogisticGAM,Expected FG,angle,continuous_pdp,1.4713567839195982,0.01416897185692545,,,0.0,2014-2024
NBA,LogisticGAM,Expected FG,angle,continuous_pdp,1.4874371859296485,0.014323824008367113,,,0.0,2014-2024
NBA,LogisticGAM,Expected FG,angle,continuous_pdp,1.5035175879396987,0.014478676159808973,,,0.0,2014-2024
NBA,LogisticGAM,Expected FG,angle,continuous_pdp,1.519597989949749,0.014633528311250681,,,0.0,2014-2024
NBA,LogisticGAM,Expected FG,angle,continuous_pdp,1.5356783919597992,0.014788380462692562,,,0.0,2014-2024
NBA,LogisticGAM,Expected FG,angle,continuous_pdp,1.5517587939698494,0.01494323261413447,,,0.0,2014-2024
NBA,LogisticGAM,Expected FG,angle,continuous_pdp,1.5678391959798996,0.015098084765576138,,,0.0,2014-2024
NBA,LogisticGAM,Expected FG,angle,continuous_pdp,1.5839195979899499,0.015252936917018301,,,0.0,2014-2024
NBA,LogisticGAM,Expected FG,angle,continuous_pdp,1.6,0.015407789068459542,,,0.0,2014-2024
