player,avg_xFG,actual_fg_pct,makes,attempts,avg_residual,residual_fg_pct
Luke Kennard,0.4187320857762218,0.5454545454545454,144,264,0.12672245967832366,0.12672245967832363
Nikola Jokić,0.4720591797452798,0.5900900900900901,393,666,0.11803091034481031,0.11803091034481028
Sam Merrill,0.3883199971844792,0.4842105263157895,138,285,0.09589052913131026,0.0958905291313103
Shai Gilgeous-Alexander,0.45888039698442085,0.553941908713693,534,964,0.09506151172927206,0.09506151172927213
Luka Garza,0.4889499121846226,0.5825688073394495,127,218,0.09361889515482695,0.09361889515482691
Deandre Ayton,0.5825506233292763,0.6747572815533981,278,412,0.09220665822412175,0.09220665822412177
T.J. McConnell,0.4559072343172184,0.5393939393939394,178,330,0.08348670507672096,0.08348670507672101
Cam Spencer,0.3967062479975387,0.47665847665847666,194,407,0.07995222866093796,0.07995222866093799
Kevin Durant,0.4321578804145103,0.5055928411633109,452,894,0.07343496074880061,0.07343496074880063
Austin Reaves,0.4400864892182105,0.5080831408775982,220,433,0.06799665165938763,0.06799665165938773
Stephen Curry,0.4011723026236735,0.46774193548387094,348,744,0.0665696328601975,0.06656963286019746
Naji Marshall,0.46610752317352144,0.532608695652174,294,552,0.06650117247865252,0.0665011724786525
AJ Green,0.3764442404400402,0.4398976982097187,172,391,0.06345345776967848,0.06345345776967848
Luka Dončić,0.41075124277948377,0.4734561213434453,437,923,0.06270487856396151,0.06270487856396151
Maxime Raynaud,0.4899589464037761,0.5524861878453039,200,362,0.06252724144152783,0.06252724144152783
Vít Krejčí,0.40135340821819493,0.46348314606741575,165,356,0.06212973784922076,0.06212973784922082
Rui Hachimura,0.45118184802388817,0.511002444987775,209,409,0.05982059696388686,0.05982059696388686
DeMar DeRozan,0.4353988352751565,0.4939919893190921,370,749,0.05859315404393563,0.058593154043935614
Jamal Murray,0.42737657138377877,0.48452508004268946,454,937,0.05714850865891068,0.05714850865891069
Payton Pritchard,0.4059243451568025,0.46236559139784944,344,744,0.056441246241046975,0.05644124624104696
Bobby Portis,0.42700437403226615,0.48300536672629696,270,559,0.05600099269403082,0.056000992694030804
Kon Knueppel,0.42844821338182615,0.48409405255878285,350,723,0.05564583917695671,0.0556458391769567
Donovan Mitchell,0.4329398474980771,0.4867924528301887,516,1060,0.05385260533211155,0.05385260533211156
Jonas Valančiūnas,0.5242624008756704,0.5772058823529411,157,272,0.052943481477270696,0.05294348147727068
Tim Hardaway Jr.,0.40282841727434143,0.4530386740331492,246,543,0.050210256758807754,0.05021025675880775
Kawhi Leonard,0.4420807733786534,0.49133663366336633,397,808,0.04925586028471293,0.049255860284712905
Keldon Johnson,0.5017899764098389,0.5485148514851486,277,505,0.04672487507530965,0.046724875075309646
Nikola Vučević,0.4572554653427655,0.5036075036075036,349,693,0.0463520382647381,0.046352038264738105
Jordan Miller,0.4663403446677728,0.5124378109452736,103,201,0.04609746627750081,0.04609746627750083
Svi Mykhailiuk,0.4323520466698093,0.4778481012658228,151,316,0.04549605459601347,0.04549605459601347
Anfernee Simons,0.3972120530911199,0.4423076923076923,276,624,0.04509563921657244,0.04509563921657239
Mikal Bridges,0.45947502068697704,0.5043227665706052,350,694,0.044847745883628186,0.04484774588362811
Isaiah Joe,0.3962532077169602,0.4409221902017291,153,347,0.04466898248476886,0.044668982484768915
John Collins,0.5215323059894708,0.5655737704918032,276,488,0.04404146450233253,0.044041464502332484
Collin Gillespie,0.3904850241793583,0.4340277777777778,250,576,0.04354275359841943,0.04354275359841947
Duncan Robinson,0.39835996632517584,0.44142259414225943,211,478,0.04306262781708353,0.04306262781708359
Anthony Edwards,0.4502542708593471,0.4925531914893617,463,940,0.04229892063001463,0.042298920630014614
Tre Jones,0.5073957710183749,0.5496688741721855,166,302,0.042273103153810575,0.04227310315381061
Royce O'Neale,0.382960124540778,0.42398286937901497,198,467,0.04102274483823697,0.04102274483823698
Jalen Brunson,0.43074381277233453,0.4697265625,481,1024,0.03898274972766547,0.03898274972766547
Bones Hyland,0.4276360924340274,0.46616541353383456,124,266,0.03852932109980721,0.03852932109980717
Naz Reid,0.43210662224854096,0.4692913385826772,298,635,0.03718471633413619,0.037184716334136225
Zach LaVine,0.4422071723479919,0.4789762340036563,262,547,0.03676906165566444,0.0367690616556644
De'Aaron Fox,0.44694842338723134,0.4836795252225519,326,674,0.03673110183532062,0.03673110183532058
Giannis Antetokounmpo,0.608220595895828,0.6447638603696099,314,487,0.03654326447378186,0.03654326447378187
Isaiah Collier,0.473116805424644,0.5095890410958904,186,365,0.036472235671246384,0.03647223567124641
Jaylen Brown,0.44694439687299214,0.4832579185520362,534,1105,0.03631352167904405,0.03631352167904406
Sam Hauser,0.37402383456797034,0.4092071611253197,160,391,0.03518332655734939,0.03518332655734935
Sandro Mamukelashvili,0.4895539743098395,0.5245901639344263,224,427,0.03503618962458676,0.03503618962458677
Jock Landale,0.4934087856753643,0.5275779376498801,220,417,0.034169151974515845,0.034169151974515866
Tre Johnson,0.40587708262216826,0.4397163120567376,186,423,0.0338392294345693,0.03383922943456935
Immanuel Quickley,0.411887631504002,0.4452449567723343,309,694,0.03335732526833234,0.033357325268332294
Jaylon Tyson,0.4821783224283939,0.513671875,263,512,0.03149355257160605,0.031493552571606076
CJ McCollum,0.42360808197844707,0.455012853470437,354,778,0.03140477149198996,0.03140477149198995
Josh Hart,0.46631309162501094,0.49746192893401014,196,394,0.031148837308999172,0.0311488373089992
Norman Powell,0.44296381944937135,0.4739010989010989,345,728,0.030937279451727546,0.03093727945172753
Miles McBride,0.40309195485840177,0.43370165745856354,157,362,0.030609702600161777,0.03060970260016177
Max Christie,0.43761613728796267,0.4670781893004115,227,486,0.029462052012448895,0.029462052012448836
Landry Shamet,0.4169956066209877,0.44549763033175355,94,211,0.028502023710765816,0.028502023710765823
Michael Porter Jr.,0.4468677547792357,0.4744429882044561,362,763,0.02757523342522038,0.02757523342522039
Joel Embiid,0.46633819039826113,0.4937833037300178,278,563,0.027445113331756612,0.027445113331756643
Ajay Mitchell,0.45941598434224906,0.4868421052631579,222,456,0.02742612092090883,0.027426120920908847
Jaren Jackson Jr.,0.4482640455990577,0.4756606397774687,342,719,0.02739659417841103,0.027396594178411005
Ayo Dosunmu,0.4900064403496482,0.5173745173745173,268,518,0.027368077024869143,0.027368077024869153
Brandon Ingram,0.44695504991915835,0.473568281938326,430,908,0.02661323201916768,0.026613232019167654
Kris Dunn,0.45120928358134,0.47774480712166173,161,337,0.026535523540321737,0.026535523540321737
Will Richard,0.443502489005504,0.46963562753036436,116,247,0.026133138524860374,0.026133138524860378
Jaden McDaniels,0.49279541150545786,0.5186440677966102,306,590,0.025848656291152322,0.02584865629115235
Day'Ron Sharpe,0.5852694940071432,0.610909090909091,168,275,0.025639596901947698,0.025639596901947725
Chet Holmgren,0.5343339949891435,0.5598591549295775,318,568,0.02552515994043401,0.025525159940434028
Darius Garland,0.4255923578478357,0.4509283819628647,170,377,0.025336024115029027,0.025336024115029
Jarrett Allen,0.5978178028735904,0.6231155778894473,248,398,0.025297775015856807,0.025297775015856838
Keyonte George,0.43256516671777623,0.4578005115089514,358,782,0.025235344791175143,0.025235344791175174
Jrue Holiday,0.4304639476048271,0.45375722543352603,157,346,0.02329327782869892,0.023293277828698944
Corey Kispert,0.4407820474461968,0.4637096774193548,115,248,0.022927629973158004,0.022927629973158004
Brice Sensabaugh,0.42794612692072664,0.4502923976608187,231,513,0.022346270740092086,0.022346270740092045
Collin Sexton,0.4595390864031512,0.48148148148148145,221,459,0.021942395078330273,0.021942395078330235
Brandin Podziemski,0.4263984182819368,0.4482758620689655,234,522,0.021877443787028706,0.021877443787028716
Devin Booker,0.4338023539921599,0.45524296675191817,356,782,0.02144061275975827,0.021440612759758282
Mark Williams,0.6439300648161536,0.6648501362397821,244,367,0.020920071423628506,0.020920071423628506
Pascal Siakam,0.4600054225648518,0.4804646251319958,455,947,0.020459202567143956,0.020459202567144008
Aaron Gordon,0.48934093919466665,0.5091575091575091,139,273,0.01981656996284252,0.01981656996284248
Santi Aldama,0.4592874039517236,0.4789915966386555,228,476,0.019704192686931854,0.019704192686931854
Ivica Zubac,0.5934046385672889,0.6130536130536131,263,429,0.019648974486324116,0.01964897448632419
Tyrese Maxey,0.4498968291891725,0.4691136974037601,524,1117,0.019216868214587516,0.019216868214587568
Dillon Brooks,0.42229381657800963,0.4409722222222222,381,864,0.01867840564421257,0.01867840564421258
Reed Sheppard,0.4077935645977892,0.4256410256410256,249,585,0.017847461043236434,0.017847461043236423
Davion Mitchell,0.45055397976959893,0.46839080459770116,163,348,0.017836824828102192,0.017836824828102227
Moses Moody,0.41962752775462236,0.43710021321961623,205,469,0.01747268546499384,0.017472685464993865
Desmond Bane,0.4547252374189144,0.47176913425345046,376,797,0.017043896834536058,0.017043896834536054
Al Horford,0.4120222081250074,0.42857142857142855,96,224,0.01654922044642118,0.016549220446421153
Neemias Queta,0.6230983847566371,0.6393939393939394,211,330,0.01629555463730221,0.016295554637302256
Grayson Allen,0.4022791293804781,0.4182590233545648,197,471,0.015979893974086605,0.015979893974086667
Ryan Nembhard,0.4128418976052814,0.42857142857142855,105,245,0.015729530966147147,0.015729530966147154
Jalen Johnson,0.4872099898760428,0.5017421602787456,432,861,0.014532170402702825,0.014532170402702826
Buddy Hield,0.4174896946004064,0.4318936877076412,130,301,0.014403993107234808,0.01440399310723478
Ryan Rollins,0.44926248553934595,0.46348314606741575,330,712,0.014220660528069742,0.014220660528069806
Jusuf Nurkić,0.4888489011023462,0.5027932960893855,180,358,0.013944394987039286,0.01394439498703931
Jaden Ivey,0.4315305496250282,0.4453125,114,256,0.013781950374971791,0.013781950374971819
Jose Alvarado,0.4091201921670582,0.42258064516129035,131,310,0.013460452994232167,0.013460452994232153
Trey Murphy III,0.46324682019079777,0.47641509433962265,404,848,0.013168274148824903,0.013168274148824877
Oso Ighodaro,0.618784880044391,0.6308411214953271,135,214,0.012056241450936044,0.01205624145093609
Onyeka Okongwu,0.47184310929019413,0.4838709677419355,300,620,0.01202785845174136,0.012027858451741369
Malik Monk,0.42401637924135654,0.43577981651376146,190,436,0.011763437272404906,0.01176343727240492
Cameron Johnson,0.4585491671092869,0.4699248120300752,125,266,0.011375644920788311,0.011375644920788297
Andrew Nembhard,0.43038187741893214,0.44107744107744107,262,594,0.010695563658508924,0.010695563658508933
Isaiah Hartenstein,0.6258565312341503,0.6350710900473934,134,211,0.009214558813243049,0.009214558813243068
Jaime Jaquez Jr.,0.49587075491632165,0.5048231511254019,314,622,0.008952396209080274,0.008952396209080227
Quinten Post,0.42992040348572713,0.43854748603351956,157,358,0.008627082547792412,0.00862708254779243
Kevin Huerter,0.44558955426299557,0.45390070921985815,192,423,0.008311154956862596,0.008311154956862576
Julius Randle,0.48342763125821525,0.49158249158249157,438,891,0.008154860324276344,0.008154860324276314
Pelle Larsson,0.48734928246486287,0.4954954954954955,165,333,0.008146213030632603,0.00814621303063262
Jalen Duren,0.6234894696393547,0.63125,303,480,0.00776053036064524,0.007760530360645279
Jimmy Butler III,0.5119032340720473,0.5194805194805194,240,462,0.007577285408472156,0.007577285408472134
Andrew Wiggins,0.46352771280440314,0.470679012345679,305,648,0.007151299541275928,0.007151299541275857
Zion Williamson,0.5771823404520395,0.583941605839416,320,548,0.006759265387376522,0.0067592653873764785
Devin Vassell,0.4158081687164847,0.42244897959183675,207,490,0.006640810875352054,0.006640810875352066
Harrison Barnes,0.43777214073262816,0.44419134396355353,195,439,0.00641920323092536,0.006419203230925374
Myles Turner,0.43466536747643486,0.4409937888198758,213,483,0.006328421343440922,0.006328421343440915
Marvin Bagley III,0.609938755363656,0.6162361623616236,167,271,0.00629740699796759,0.006297406997967547
Kyshawn George,0.43525941632033277,0.4412878787878788,233,528,0.006028462467545994,0.006028462467546014
Isaiah Stewart,0.5338890257381291,0.5398230088495575,183,339,0.005933983111428371,0.0059339831114283426
Bub Carrington,0.3969347454076699,0.4021505376344086,187,465,0.005215792226738698,0.005215792226738736
Jalen Suggs,0.4380529112445405,0.44324324324324327,164,370,0.0051903319987028,0.00519033199870278
Jalen Smith,0.48355219876536515,0.4878048780487805,160,328,0.0042526792834153525,0.004252679283415328
LeBron James,0.49780817393579074,0.5017006802721088,295,588,0.003892506336318141,0.0038925063363180468
Donte DiVincenzo,0.4080726987064583,0.41156462585034015,242,588,0.003491927143881826,0.0034919271438818567
Julian Champagnie,0.4186760688836985,0.421978021978022,192,455,0.0033019530943234903,0.003301953094323462
Egor Dëmin,0.40341367236923403,0.4064039408866995,165,406,0.0029902685174654844,0.0029902685174654775
Toumani Camara,0.4392917799407543,0.4408783783783784,261,592,0.0015865984376241017,0.0015865984376240982
Kelly Oubre Jr.,0.4685110521763608,0.46920821114369504,160,341,0.0006971589673342418,0.0006971589673342438
RJ Barrett,0.4808824972261099,0.48148148148148145,208,432,0.0005989842553716431,0.0005989842553715818
Franz Wagner,0.4785832175949427,0.47897196261682246,205,428,0.0003887450218797465,0.0003887450218797439
Cooper Flagg,0.4824260542283538,0.48227848101265824,381,790,-0.0001475732156955716,-0.00014757321569552895
Cade Cunningham,0.46193215852830205,0.46170921198668147,416,901,-0.00022294654162061114,-0.00022294654162058336
Peyton Watson,0.4967378882023819,0.49624060150375937,264,532,-0.000497286698622501,-0.0004972866986225344
Paul George,0.42491524088026583,0.423728813559322,150,354,-0.0011864273209437849,-0.001186427320943817
Lauri Markkanen,0.47963123712402145,0.4782608695652174,374,782,-0.0013703675588040668,-0.001370367558804042
James Harden,0.4221434249803595,0.42039800995024873,338,804,-0.0017454150301107496,-0.0017454150301107751
Klay Thompson,0.39010913154381266,0.3875968992248062,200,516,-0.0025122323190064303,-0.0025122323190064355
Rudy Gobert,0.7055131348012165,0.7026239067055393,241,343,-0.0028892280956770906,-0.0028892280956771543
Victor Wembanyama,0.5137346331180875,0.5107033639143731,334,654,-0.003031269203714407,-0.0030312692037144373
Khris Middleton,0.4302668982710297,0.4272151898734177,135,316,-0.0030517083976119787,-0.003051708397611985
Gary Trent Jr.,0.38776191244687125,0.38439306358381503,133,346,-0.0033688488630562578,-0.0033688488630562174
Coby White,0.44109012005895704,0.43765903307888043,172,393,-0.0034310869800766573,-0.003431086980076603
Gary Payton II,0.5358418632641838,0.5318181818181819,117,220,-0.004023681446001967,-0.004023681446001959
Keegan Murray,0.433870566352957,0.42857142857142855,111,259,-0.005299137781528448,-0.005299137781528462
Jake LaRavia,0.47078164568973807,0.4652956298200514,181,389,-0.005486015869686678,-0.005486015869686667
Deni Avdija,0.468297803129164,0.4627450980392157,354,765,-0.005552705089948289,-0.005552705089948318
Tobias Harris,0.46140446133494223,0.455470737913486,179,393,-0.005933723421456194,-0.005933723421456205
Cedric Coward,0.4740754550480232,0.4678714859437751,233,498,-0.0062039691042480504,-0.006203969104248086
D'Angelo Russell,0.41147284599554407,0.4051724137931034,94,232,-0.006300432202440626,-0.006300432202440642
Russell Westbrook,0.43719730002774776,0.43045387994143486,294,683,-0.006743420086312899,-0.006743420086312901
Kyle Kuzma,0.48880190848976257,0.48118811881188117,243,505,-0.007613789677881374,-0.0076137896778814
Caris LeVert,0.4396281318961343,0.43162393162393164,101,234,-0.008004200272202652,-0.008004200272202666
Tyler Kolek,0.43107288377522746,0.42272727272727273,93,220,-0.008345611047954723,-0.008345611047954726
Nickeil Alexander-Walker,0.4413108818895262,0.4329411764705882,368,850,-0.008369705418938002,-0.008369705418938
Scottie Barnes,0.5123498184299589,0.5037220843672456,406,806,-0.008627734062713216,-0.008627734062713222
Alperen Sengun,0.5064288002426991,0.49731182795698925,370,744,-0.009116972285709844,-0.009116972285709846
Kobe Sanders,0.44472303613708125,0.4356060606060606,115,264,-0.009116975531020614,-0.009116975531020644
Pat Spencer,0.44515033567207035,0.43577981651376146,95,218,-0.009370519158308879,-0.009370519158308888
Jabari Smith Jr.,0.4463288098887372,0.4367283950617284,283,648,-0.009600414827008774,-0.009600414827008796
Jaden Hardy,0.4130476215884438,0.40298507462686567,81,201,-0.010062546961578146,-0.010062546961578156
Aaron Wiggins,0.4537461987613301,0.44352617079889806,161,363,-0.010220027962432007,-0.010220027962432043
Dominick Barlow,0.5676807145089311,0.5572519083969466,146,262,-0.010428806111984488,-0.01042880611198449
Jordan Clarkson,0.44244684659707356,0.4314214463840399,173,401,-0.011025400213033672,-0.011025400213033665
Drake Powell,0.4417392307886896,0.430622009569378,90,209,-0.011117221219311559,-0.01111722121931158
Kyle Filipowski,0.49777850849426486,0.48641975308641977,197,405,-0.011358755407845105,-0.01135875540784509
Jay Huff,0.48083050732115756,0.4693333333333333,176,375,-0.011497173987824209,-0.011497173987824238
Tari Eason,0.4626183124940059,0.45110410094637227,143,317,-0.011514211547633733,-0.011514211547633657
Domantas Sabonis,0.5545181496200646,0.5429864253393665,120,221,-0.011531724280698128,-0.011531724280698152
Daniss Jenkins,0.4364456915055206,0.42474916387959866,127,299,-0.011696527625921877,-0.011696527625921938
Kristaps Porziņģis,0.4693476477261423,0.45714285714285713,96,210,-0.012204790583285195,-0.012204790583285163
Josh Giddey,0.47503174742005094,0.46170212765957447,217,470,-0.013329619760476464,-0.013329619760476474
Craig Porter Jr.,0.4713531750494231,0.4577114427860697,92,201,-0.013641732263353433,-0.013641732263353412
Derrick White,0.4031334688092628,0.38944723618090454,310,796,-0.013686232628358327,-0.013686232628358275
De'Anthony Melton,0.4380967438250275,0.42391304347826086,117,276,-0.01418370034676663,-0.014183700346766637
Brandon Miller,0.4392043510946206,0.42452830188679247,270,636,-0.01467604920782815,-0.014676049207828112
LaMelo Ball,0.41557904463212064,0.4005235602094241,306,764,-0.015055484422696594,-0.015055484422696552
Kentavious Caldwell-Pope,0.42489895629068475,0.4098360655737705,150,366,-0.015062890716914273,-0.015062890716914246
Cole Anthony,0.4397351684409341,0.42424242424242425,98,231,-0.015492744198509833,-0.015492744198509822
Jalen Williams,0.49536521621874174,0.4794520547945205,175,365,-0.01591316142422117,-0.015913161424221223
Brook Lopez,0.40133678770669634,0.3854166666666667,111,288,-0.015920121040029683,-0.015920121040029656
Bennedict Mathurin,0.44132373469318703,0.4251968503937008,162,381,-0.016126884299486218,-0.01612688429948622
Quentin Grimes,0.4549919469248313,0.43875278396436523,197,449,-0.016239162960466076,-0.01623916296046607
De'Andre Hunter,0.43145856985858994,0.4151696606786427,208,501,-0.01628890917994723,-0.016288909179947242
Keon Ellis,0.41445386413958446,0.3964757709251101,90,227,-0.01797809321447432,-0.017978093214474355
Luguentz Dort,0.4158484486895609,0.3976945244956772,138,347,-0.018153924193883626,-0.018153924193883675
Moussa Diabaté,0.6506022978560893,0.6324110671936759,160,253,-0.01819123066241341,-0.01819123066241335
Cam Thomas,0.42605734861452804,0.407514450867052,141,346,-0.018542897747476056,-0.018542897747476028
Dean Wade,0.4354431880893048,0.4166666666666667,85,204,-0.01877652142263816,-0.018776521422638137
Marcus Smart,0.42064356339142994,0.4017094017094017,141,351,-0.018934161682028237,-0.018934161682028217
Shaedon Sharpe,0.4748981953215689,0.4557260920897285,386,847,-0.019172103231840487,-0.01917210323184043
Walter Clayton Jr.,0.4192140071727549,0.4,110,275,-0.019214007172754913,-0.0192140071727549
GG Jackson,0.5017312094236172,0.4824561403508772,110,228,-0.019275069072739903,-0.01927506907273996
Brandon Williams,0.4864443901441983,0.46621621621621623,207,444,-0.020228173927982068,-0.020228173927982096
Nic Claxton,0.610203105477092,0.5898617511520737,256,434,-0.020341354325018286,-0.020341354325018268
Wendell Carter Jr.,0.5127096645872276,0.4918032786885246,210,427,-0.02090638589870296,-0.020906385898702973
Justin Champagnie,0.5212821118472458,0.5,149,298,-0.021282111847245818,-0.02128211184724582
Miles Bridges,0.4699680265839594,0.4485006518904824,344,767,-0.02146737469347699,-0.021467374693477037
Draymond Green,0.43843883616480206,0.41690962099125367,143,343,-0.021529215173548395,-0.02152921517354839
Matas Buzelis,0.4970519956420312,0.47385103011093505,299,631,-0.023200965531096164,-0.02320096553109613
Alex Sarr,0.5190746803988402,0.4956521739130435,285,575,-0.02342250648579675,-0.02342250648579669
Dennis Schröder,0.42407285703400754,0.40043763676148797,183,457,-0.023635220272519544,-0.023635220272519575
Javonte Green,0.4699437544695934,0.44565217391304346,123,276,-0.02429158055654994,-0.024291580556549952
Jaylen Wells,0.44023195458712855,0.4149139579349904,217,523,-0.025317996652138162,-0.02531799665213813
Donovan Clingan,0.5513752728765462,0.5259593679458239,233,443,-0.025415904930722245,-0.02541590493072232
Caleb Love,0.4151456085908987,0.38969072164948454,189,485,-0.025454886941414206,-0.02545488694141418
Jerami Grant,0.4641556202957946,0.43833017077798864,231,527,-0.02582544951780601,-0.025825449517805965
Ja'Kobe Walter,0.45508650170029186,0.42920353982300885,97,226,-0.02588296187728299,-0.025882961877283006
Tristan da Silva,0.453614801135633,0.42699724517906334,155,363,-0.026617555956569665,-0.026617555956569672
Kevin Porter Jr.,0.474639734831489,0.4476439790575916,171,382,-0.026995755773897408,-0.0269957557738974
Bruce Brown,0.48965742396903383,0.4622093023255814,159,344,-0.027448121643452415,-0.02744812164345245
Terance Mann,0.4785915354053559,0.4507042253521127,128,284,-0.02788731005324313,-0.027887310053243186
Collin Murray-Boyles,0.5808569736994339,0.5525291828793775,142,257,-0.02832779082005648,-0.02832779082005643
Anthony Davis,0.5355646381494552,0.5059880239520959,169,334,-0.029576614197359442,-0.029576614197359352
Dyson Daniels,0.5281599631236391,0.49818181818181817,274,550,-0.02997814494182091,-0.02997814494182094
Evan Mobley,0.5426652499914104,0.5123239436619719,291,568,-0.030341306329438586,-0.030341306329438544
Ben Sheppard,0.43152681733066933,0.4007936507936508,101,252,-0.030733166537018533,-0.03073316653701852
Simone Fontecchio,0.4224363536719849,0.3910761154855643,149,381,-0.03136023818642056,-0.031360238186420586
Gradey Dick,0.4551113623878672,0.423728813559322,125,295,-0.03138254882854513,-0.03138254882854519
Tyrese Martin,0.42404991440683254,0.39215686274509803,100,255,-0.031893051661734485,-0.031893051661734506
Isaac Okoro,0.4980431670884775,0.4658385093167702,150,322,-0.032204657771707286,-0.032204657771707335
Bam Adebayo,0.47480374013521554,0.4425531914893617,312,705,-0.032250548645853784,-0.03225054864585386
Anthony Black,0.49272918233396706,0.46015037593984964,306,665,-0.03257880639411745,-0.03257880639411742
Ziaire Williams,0.44977252957433994,0.4166666666666667,120,288,-0.033105862907673235,-0.033105862907673256
Ace Bailey,0.4835840356798624,0.4498069498069498,233,518,-0.033777085872912595,-0.033777085872912616
Saddiq Bey,0.4793868993041794,0.44551282051282054,278,624,-0.0338740787913589,-0.03387407879135884
Jordan Goodwin,0.4401269556132786,0.405152224824356,173,427,-0.0349747307889226,-0.0349747307889226
Paolo Banchero,0.4889467174307634,0.4537313432835821,304,670,-0.03521537414718135,-0.03521537414718129
Jarace Walker,0.4393441067712022,0.40372670807453415,195,483,-0.03561739869666808,-0.03561739869666808
Jared McCain,0.4281349960866178,0.3923076923076923,102,260,-0.03582730377892556,-0.03582730377892551
Zaccharie Risacher,0.4851927670667812,0.4490861618798956,172,383,-0.03610660518688569,-0.03610660518688563
Dylan Harper,0.503363044376985,0.4666666666666667,189,405,-0.036696377710318286,-0.036696377710318306
Kel'el Ware,0.5692528106575023,0.5315315315315315,236,444,-0.03772127912597073,-0.037721279125970786
Stephon Castle,0.5022740475328223,0.46368715083798884,249,537,-0.03858689669483348,-0.038586896694833506
Precious Achiuwa,0.5392096150719179,0.5,144,288,-0.039209615071917905,-0.03920961507191789
Noah Clowney,0.43197993047377264,0.3920335429769392,187,477,-0.03994638749683345,-0.039946387496833435
Jaylin Williams,0.4179779384671531,0.3778801843317972,82,217,-0.04009775413535581,-0.04009775413535588
Dru Smith,0.45243608680804687,0.4109090909090909,113,275,-0.04152699589895597,-0.041526995898955976
Will Riley,0.4540550573443359,0.4124087591240876,113,274,-0.041646298220248276,-0.04164629822024829
Karl-Anthony Towns,0.5082260370279755,0.46638655462184875,333,714,-0.04183948240612678,-0.04183948240612678
Cason Wallace,0.4664665341932699,0.4244791666666667,163,384,-0.04198736752660323,-0.0419873675266032
Derik Queen,0.5334826076646415,0.49146110056925996,259,527,-0.04202150709538146,-0.04202150709538155
P.J. Washington,0.48978322901198407,0.44731182795698926,208,465,-0.04247140105499484,-0.042471401054994806
Aaron Nesmith,0.43214261778115,0.3891891891891892,144,370,-0.04295342859196079,-0.042953428591960774
OG Anunoby,0.5239668154879001,0.4789579158316633,239,499,-0.04500889965623685,-0.045008899656236834
VJ Edgecombe,0.4689381086392701,0.4226646248085758,276,653,-0.04627348383069429,-0.046273483830694295
Jordan Poole,0.4176537068147911,0.3698224852071006,125,338,-0.047831221607690474,-0.04783122160769049
Amen Thompson,0.5529168733636497,0.5050071530758226,353,699,-0.04790972028782709,-0.04790972028782714
Nique Clifford,0.4413596151415475,0.39263803680981596,128,326,-0.048721578331731505,-0.04872157833173152
Tre Mann,0.4144126343041975,0.3654618473895582,91,249,-0.048950786914639305,-0.04895078691463928
Nolan Traore,0.4515290275034207,0.4019138755980861,84,209,-0.04961515190533464,-0.04961515190533461
Cody Williams,0.5335796130634677,0.4818181818181818,106,220,-0.05176143124528594,-0.05176143124528587
Ja Morant,0.4620952589570222,0.40993788819875776,132,322,-0.05215737075826439,-0.05215737075826443
Josh Okogie,0.4910636850685885,0.4383561643835616,96,219,-0.05270752068502686,-0.052707520685026876
Jeremiah Fears,0.4815120315229686,0.42857142857142855,282,658,-0.05294060295154004,-0.05294060295154007
Sidy Cissoko,0.4660343272031397,0.40823970037453183,109,267,-0.05779462682860785,-0.057794626828607865
Patrick Williams,0.44356588080034953,0.3853211009174312,126,327,-0.05824477988291833,-0.05824477988291832
Vince Williams Jr.,0.4211439840921089,0.3594306049822064,101,281,-0.06171337910990249,-0.06171337910990249
Jamal Shead,0.42511355221942787,0.3628571428571429,127,350,-0.06225640936228504,-0.06225640936228499
Ausar Thompson,0.574030891268907,0.511166253101737,206,403,-0.06286463816717008,-0.06286463816717003
Danny Wolf,0.4685513629708544,0.40476190476190477,119,294,-0.06378945820894971,-0.06378945820894966
Andre Drummond,0.5706141092415805,0.5023041474654378,109,217,-0.06830996177614276,-0.06830996177614268
Ryan Dunn,0.5098207637171028,0.44061302681992337,115,261,-0.06920773689717948,-0.06920773689717946
Herbert Jones,0.4628234155054931,0.3920863309352518,109,278,-0.07073708457024133,-0.0707370845702413
Nikola Jović,0.441367298860311,0.3704918032786885,113,305,-0.07087549558162247,-0.07087549558162248
Sion James,0.4546753968216688,0.3784860557768924,95,251,-0.07618934104477637,-0.07618934104477637
Mouhamed Gueye,0.5258056002589746,0.44493392070484583,101,227,-0.08087167955412876,-0.08087167955412877
Nae'Qwan Tomlin,0.5711316186634975,0.48739495798319327,116,238,-0.08373666068030426,-0.08373666068030422
Ronald Holland II,0.4981297436713074,0.4131054131054131,145,351,-0.0850243305658943,-0.08502433056589431
Yves Missi,0.6351621526264287,0.5380952380952381,113,210,-0.09706691453119075,-0.09706691453119065
Micah Peavy,0.4954314595695664,0.38181818181818183,84,220,-0.1136132777513846,-0.11361327775138458
Bilal Coulibaly,0.513537122448077,0.3940520446096654,106,269,-0.11948507783841161,-0.11948507783841161
