PLAYER_NAME,total_attempts,total_makes,total_poe,total_xp,total_actual_points,avg_xp_prob,fg_pct,poe_per_100,shooting_skill,expected_fg_pct,fg_residual,fg_residual_pct,salary_millions,POE_per_million,points_per_million,cost_per_POE
AJ Green,391,172,73.16689392552766,421.8331060744724,495,0.3764442404400402,0.4398976982097187,18.71276059476411,0.0634534577696784,0.3764442404400402,0.0634534577696784,6.345345776967848,2.301587,31.789758078025145,215.06899369869572,0.031456672225865595
Aaron Gordon,273,139,14.497315845668124,305.50268415433186,320,0.4893409391946666,0.5091575091575091,5.310372104640338,0.0198165699628424,0.4893409391946666,0.0198165699628424,1.981656996284248,22.841455,0.6346931859493243,14.009615411977915,1.575564417797047
Aaron Nesmith,370,144,-30.114934459848765,394.1149344598488,364,0.43214261778115,0.3891891891891892,-8.139171475634802,-0.0429534285919607,0.43214261778115,-0.0429534285919607,-4.295342859196078,11.0,-2.737721314531706,33.09090909090909,11.0
Aaron Wiggins,363,161,-3.0788564071730775,400.0788564071731,397,0.4537461987613301,0.443526170798898,-0.8481698091385887,-0.010220027962432,0.4537461987613301,-0.010220027962432,-1.0220027962432043,10.102803,-0.30475269162162993,39.29602507343754,10.102803
Ace Bailey,518,233,-42.17034044764985,581.1703404476499,539,0.4835840356798624,0.4498069498069498,-8.140992364411167,-0.0337770858729126,0.4835840356798624,-0.0337770858729126,-3.3777085872912616,9.06984,-4.649513160943286,59.42772970636748,9.06984
Ajay Mitchell,456,222,22.56126083379854,469.43873916620146,492,0.459415984342249,0.4868421052631579,4.947644919692662,0.0274261209209088,0.459415984342249,0.0274261209209088,2.7426120920908845,3.0,7.520420277932846,164.0,0.1329712919016372
Alex Sarr,575,285,-29.66643858031015,639.6664385803101,610,0.5190746803988402,0.4956521739130435,-5.159380622662635,-0.0234225064857966,0.5190746803988402,-0.0234225064857966,-2.342250648579669,11.80824,-2.512350577250306,51.65884162246025,11.80824
Alperen Sengun,744,370,-18.160186856604884,784.1601868566049,766,0.5064288002426991,0.4973118279569892,-2.4408853301888285,-0.0091169722857098,0.5064288002426991,-0.0091169722857098,-0.9116972285709846,33.944954,-0.5349892905026439,22.565946031330604,33.944954
Amen Thompson,699,353,-81.86813859391823,805.8681385939183,724,0.5529168733636497,0.5050071530758226,-11.71218005635454,-0.0479097202878271,0.5529168733636497,-0.0479097202878271,-4.790972028782714,9.6906,-8.448201204664132,74.71157616659443,9.6906
Andrew Nembhard,594,262,15.53017977632194,591.4698202236781,607,0.4303818774189321,0.441077441077441,2.6145083798521784,0.0106955636585089,0.4303818774189321,0.0106955636585089,1.0695563658508933,18.102,0.8579261836439035,33.532206386034694,1.165601445747536
Andrew Wiggins,648,305,16.914490854942542,691.0855091450575,708,0.4635277128044031,0.470679012345679,2.6102609344047134,0.0071512995412758,0.4635277128044031,0.0071512995412758,0.7151299541275857,28.223215,0.5993112710562047,25.085731728295308,1.6685820011988692
Anfernee Simons,624,276,67.63406891531876,626.3659310846813,694,0.3972120530911199,0.4423076923076923,10.838793095403648,0.0450956392165723,0.3972120530911199,0.0450956392165723,4.509563921657239,27.678571,2.443553495421377,25.073548775332366,0.40924006856152567
Anthony Black,665,306,-48.6941488373637,749.6941488373637,701,0.492729182333967,0.4601503759398496,-7.322428396596045,-0.0325788063941174,0.492729182333967,-0.0325788063941174,-3.2578806394117423,7.97028,-6.109465268141609,87.95174071676277,7.97028
Anthony Davis,334,169,-23.125753305719645,371.1257533057196,348,0.5355646381494552,0.5059880239520959,-6.923878235245402,-0.0295766141973593,0.5355646381494552,-0.0295766141973593,-2.957661419735935,54.12645,-0.4272542039191494,6.429388958632979,54.12645
Anthony Edwards,940,463,95.34994208908964,985.6500579109104,1081,0.4502542708593471,0.4925531914893617,10.143610860541452,0.0422989206300146,0.4502542708593471,0.0422989206300146,4.229892063001461,45.550512,2.0932792608146675,23.731895702950606,0.47771934625235696
Ausar Thompson,403,206,-51.638074406629464,469.6380744066294,418,0.574030891268907,0.511166253101737,-12.813417966905574,-0.06286463816717,0.574030891268907,-0.06286463816717,-6.286463816717003,8.775,-5.8846808440603375,47.635327635327634,8.775
Austin Reaves,433,220,60.51316303386919,449.4868369661308,510,0.4400864892182105,0.5080831408775982,13.975326335766558,0.0679966516593877,0.4400864892182105,0.0679966516593877,6.799665165938773,13.937574,4.341728555763664,36.591733970345196,0.230323012403089
Ayo Dosunmu,518,268,45.326053662533816,582.6739463374662,628,0.4900064403496482,0.5173745173745173,8.750203409755564,0.0273680770248691,0.4900064403496482,0.0273680770248691,2.7368077024869155,7.518518,6.028588833934269,83.52709935654872,0.16587629834217738
Bam Adebayo,705,312,-53.34624745025278,755.3462474502528,702,0.4748037401352155,0.4425531914893617,-7.566843609964933,-0.0322505486458538,0.4748037401352155,-0.0322505486458538,-3.225054864585386,37.09662,-1.4380352563185752,18.92355691704527,37.09662
Ben Sheppard,252,101,-18.402005659543896,275.4020056595439,257,0.4315268173306693,0.4007936507936508,-7.302383198231705,-0.0307331665370185,0.4315268173306693,-0.0307331665370185,-3.073316653701852,2.79072,-6.593999276009022,92.09092993922715,2.79072
Bennedict Mathurin,381,162,-11.089154069258658,394.08915406925865,383,0.441323734693187,0.4251968503937008,-2.9105391257896738,-0.0161268842994862,0.441323734693187,-0.0161268842994862,-1.6126884299486222,9.187573,-1.2069731657379656,41.68674360464945,9.187573
Bilal Coulibaly,269,106,-76.57636727903126,317.5763672790313,241,0.513537122448077,0.3940520446096654,-28.467051033097125,-0.1194850778384116,0.513537122448077,-0.1194850778384116,-11.948507783841162,7.2756,-10.525093089096606,33.124415855736984,7.2756
Bobby Portis,559,270,80.08150381120525,556.9184961887947,637,0.4270043740322661,0.4830053667262969,14.325850413453534,0.0560009926940308,0.4270043740322661,0.0560009926940308,5.60009926940308,13.445754,5.955895356348573,47.375550675700296,0.16790086799192486
Bones Hyland,266,124,23.93448041626466,287.06551958373535,311,0.4276360924340274,0.4661654135338345,8.997924968520548,0.0385293210998071,0.4276360924340274,0.0385293210998071,3.852932109980717,2.296274,10.423181387005497,135.43679891859597,0.0959399978634827
Brandin Podziemski,522,234,25.865901233824403,533.1340987661756,559,0.4263984182819368,0.4482758620689655,4.955153493069809,0.0218774437870287,0.4263984182819368,0.0218774437870287,2.1877443787028716,3.68796,7.013606772802417,151.57431208581437,0.1425799923482781
Brandon Ingram,908,430,48.662061211242325,907.3379387887576,956,0.4469550499191583,0.473568281938326,5.359257842647834,0.0266132320191676,0.4469550499191583,0.0266132320191676,2.6613232019167654,38.095238,1.2773791099885587,25.095000062737498,0.7828529464592205
Brandon Miller,636,270,-16.18842032788902,669.188420327889,653,0.4392043510946206,0.4245283018867924,-2.545349108158651,-0.0146760492078281,0.4392043510946206,-0.0146760492078281,-1.4676049207828112,11.9688,-1.3525516616443602,54.55851881558719,11.9688
Brandon Williams,444,207,-34.06376156010297,473.063761560103,439,0.4864443901441983,0.4662162162162162,-7.67201836939256,-0.020228173927982,0.4864443901441983,-0.020228173927982,-2.02281739279821,2.270735,-15.001205142873548,193.3294726156949,2.270735
Brice Sensabaugh,513,231,18.250595680617792,539.7494043193822,558,0.4279461269207266,0.4502923976608187,3.557620990373839,0.022346270740092,0.4279461269207266,0.022346270740092,2.2346270740092047,2.69376,6.775137978371418,207.1454027084818,0.14759847005217394
Brook Lopez,288,111,-10.68033851895549,301.68033851895547,291,0.4013367877066963,0.3854166666666667,-3.708450874637323,-0.0159201210400296,0.4013367877066963,-0.0159201210400296,-1.5920121040029656,8.75,-1.220610116452056,33.25714285714286,8.75
Bruce Brown,344,159,-20.53042062657256,369.53042062657255,349,0.4896574239690338,0.4622093023255814,-5.9681455309803955,-0.0274481216434524,0.4896574239690338,-0.0274481216434524,-2.744812164345245,2.296274,-8.940753858891648,151.98534669643084,2.296274
Bub Carrington,465,187,15.672425957464482,468.3275740425355,484,0.3969347454076699,0.4021505376344086,3.370414184400964,0.0052157922267387,0.3969347454076699,0.0052157922267387,0.5215792226738736,4.6776,3.35052718433908,103.471865914144,0.29846049441836076
Buddy Hield,301,130,5.310930454649707,321.68906954535026,327,0.4174896946004064,0.4318936877076412,1.764428722474986,0.0144039931072347,0.4174896946004064,0.0144039931072347,1.440399310723478,9.219512,0.5760533154737156,35.46825471890486,1.735950428785664
CJ McCollum,778,354,56.67696305101308,783.3230369489869,840,0.423608081978447,0.455012853470437,7.284956690361579,0.0314047714919899,0.423608081978447,0.0314047714919899,3.1404771491989947,30.666666,1.848161878797424,27.39130494328924,0.5410781444375898
Cade Cunningham,901,416,-7.459039495389095,929.4590394953892,922,0.461932158528302,0.4617092119866814,-0.827862319133085,-0.0002229465416205,0.461932158528302,-0.0002229465416205,-0.0222946541620583,46.3941,-0.1607756049883303,19.873216637460366,46.3941
Cam Spencer,407,194,87.00158575455823,410.9984142454418,498,0.3967062479975387,0.4766584766584766,21.376310996205955,0.0799522286609379,0.3967062479975387,0.0799522286609379,7.9952228660937985,2.537989,34.27973318818885,196.21834452395183,0.029171755640868057
Cam Thomas,346,141,-16.29390829771854,341.29390829771853,325,0.426057348614528,0.407514450867052,-4.70922205136374,-0.018542897747476,0.426057348614528,-0.018542897747476,-1.8542897747476028,5.993172,-2.7187453151216987,54.22837856146962,5.993172
Cameron Johnson,266,125,15.41151411171492,293.5884858882851,309,0.4585491671092869,0.4699248120300752,5.793802297637188,0.0113756449207882,0.4585491671092869,0.0113756449207882,1.1375644920788297,21.057065,0.731892792832948,14.674409752736194,1.3663203269556536
Cason Wallace,384,163,-36.967183011803264,433.9671830118033,397,0.4664665341932699,0.4244791666666667,-9.626870575990432,-0.0419873675266032,0.4664665341932699,-0.0419873675266032,-4.19873675266032,5.82024,-6.351487741365178,68.21024562560994,5.82024
Cedric Coward,498,233,-12.461862560881563,549.4618625608815,537,0.4740754550480232,0.4678714859437751,-2.5023820403376633,-0.006203969104248,0.4740754550480232,-0.006203969104248,-0.6203969104248086,5.71512,-2.180507594045543,93.96128165287868,5.71512
Chet Holmgren,568,318,25.589005321095332,671.4109946789047,697,0.5343339949891435,0.5598591549295775,4.505106570615376,0.025525159940434,0.5343339949891435,0.025525159940434,2.552515994043403,13.731368,1.863543772266196,50.75969124125142,0.5366120264424655
Coby White,393,172,-4.8703872342845145,420.8703872342845,416,0.441090120058957,0.4376590330788804,-1.2392842835329554,-0.0034310869800766,0.441090120058957,-0.0034310869800766,-0.3431086980076603,12.888889,-0.3778748683679807,32.27586179072533,12.888889
Collin Gillespie,576,250,76.28165432471037,586.7183456752896,663,0.3904850241793583,0.4340277777777778,13.24334276470666,0.0435427535984194,0.3904850241793583,0.0435427535984194,4.354275359841947,2.296274,33.21975266223037,288.7286099132769,0.030102572110266283
Collin Murray-Boyles,257,142,-15.569415965845602,315.5694159658456,300,0.5808569736994339,0.5525291828793775,-6.05813850811113,-0.0283277908200564,0.5808569736994339,-0.0283277908200564,-2.832779082005643,6.33252,-2.4586445784372732,47.37450493642341,6.33252
Collin Sexton,459,221,22.885727187868532,479.11427281213145,502,0.4595390864031512,0.4814814814814814,4.985997208685955,0.0219423950783302,0.4595390864031512,0.0219423950783302,2.1942395078330232,18.975,1.2060989295319384,26.455862977602106,0.8291193827591564
Cooper Flagg,790,381,-11.041789101466616,825.0417891014666,814,0.4824260542283538,0.4822784810126582,-1.3976948229704578,-0.0001475732156955,0.4824260542283538,-0.0001475732156955,-0.0147573215695528,13.82592,-0.7986296102875335,58.874924778965884,13.82592
Danny Wolf,294,119,-42.71934395489777,325.7193439548978,283,0.4685513629708544,0.4047619047619047,-14.530389100305364,-0.0637894582089496,0.4685513629708544,-0.0637894582089496,-6.378945820894966,2.80128,-15.249937155478126,101.0252456020105,2.80128
Darius Garland,377,170,19.880849581957857,379.1191504180421,399,0.4255923578478357,0.4509283819628647,5.2734349023760885,0.025336024115029,0.4255923578478357,0.025336024115029,2.5336024115029,39.44609,0.5040005126479673,10.115070974081336,1.9841249659570819
Davion Mitchell,348,163,17.16842462418788,363.8315753758121,381,0.4505539797695989,0.4683908045977011,4.933455351778127,0.0178368248281022,0.4505539797695989,0.0178368248281022,1.783682482810223,11.6,1.4800366055334382,32.8448275862069,0.6756589642859392
Day'Ron Sharpe,275,168,9.33100156952739,333.6689984304726,343,0.5852694940071432,0.610909090909091,3.3930914798281413,0.0256395969019477,0.5852694940071432,0.0256395969019477,2.5639596901947725,6.25,1.4929602511243822,54.88,0.6698101970543939
De'Aaron Fox,674,326,46.81402309146957,695.1859769085304,742,0.4469484233872313,0.4836795252225519,6.9457007554109165,0.0367311018353205,0.4469484233872313,0.0367311018353205,3.673110183532058,37.09662,1.2619484764776299,20.001822268443863,0.7924253791971092
De'Andre Hunter,501,208,-30.819432581244772,521.8194325812448,491,0.4314585698585899,0.4151696606786427,-6.151583349549855,-0.0162889091799472,0.4314585698585899,-0.0162889091799472,-1.6288909179947242,23.303571,-1.3225197366208281,21.06973218825561,23.303571
De'Anthony Melton,276,117,-16.50714713346851,289.5071471334685,273,0.4380967438250275,0.4239130434782608,-5.980850410676997,-0.0141837003467666,0.4380967438250275,-0.0141837003467666,-1.4183700346766637,3.080921,-5.357861215353626,88.60986698458026,3.080921
DeMar DeRozan,749,370,84.59559643597223,696.4044035640278,781,0.4353988352751565,0.4939919893190921,11.294472154335413,0.0585931540439356,0.4353988352751565,0.0585931540439356,5.859315404393561,24.57,3.4430442179882874,31.786731786731785,0.29044064981084766
Deandre Ayton,412,278,75.97828637667632,480.0217136233237,556,0.5825506233292763,0.6747572815533981,18.44133164482435,0.0922066582241217,0.5825506233292763,0.0922066582241217,9.220665822412178,43.654814,1.7404331713949421,12.73628150150863,0.5745696051049801
Deni Avdija,765,354,-12.585018730059844,822.5850187300598,810,0.468297803129164,0.4627450980392157,-1.6451004875895223,-0.0055527050899483,0.468297803129164,-0.0055527050899483,-0.5552705089948318,14.375,-0.8754795638302499,56.34782608695652,14.375
Dennis Schröder,457,183,-27.26522850875412,452.26522850875415,425,0.4240728570340075,0.4004376367614879,-5.9661331529002455,-0.0236352202725195,0.4240728570340075,-0.0236352202725195,-2.3635220272519577,14.104,-1.933155736582113,30.133295519001702,14.104
Derik Queen,527,259,-49.30793016165513,582.3079301616551,533,0.5334826076646415,0.4914611005692599,-9.356343484185034,-0.0420215070953815,0.5334826076646415,-0.0420215070953815,-4.202150709538155,5.15796,-9.55957978767868,103.33542718439072,5.15796
Derrick White,796,310,-35.344946808738015,804.344946808738,769,0.4031334688092628,0.3894472361809045,-4.440319950846485,-0.0136862326283582,0.4031334688092628,-0.0136862326283582,-1.3686232628358277,28.1,-1.257827288567189,27.366548042704625,28.1
Desmond Bane,797,376,30.14372204606769,823.8562779539324,854,0.4547252374189144,0.4717691342534504,3.782148311928192,0.017043896834536,0.4547252374189144,0.017043896834536,1.7043896834536054,36.72567,0.8207807249280323,23.253489997595686,1.2183521976441174
Devin Booker,782,356,23.75021622604192,762.249783773958,786,0.4338023539921599,0.4552429667519181,3.037112049365974,0.0214406127597582,0.4338023539921599,0.0214406127597582,2.144061275975828,53.142264,0.44691765909788717,14.790487661571966,2.2375486393142783
Devin Vassell,490,207,3.0237924879709372,506.9762075120291,510,0.4158081687164847,0.4224489795918367,0.6171005077491709,0.006640810875352,0.4158081687164847,0.006640810875352,0.6640810875352066,27.0,0.11199231436929397,18.88888888888889,8.929184164392801
Dillon Brooks,864,381,27.19005964164938,850.8099403583507,878,0.4222938165780096,0.4409722222222222,3.146997643709419,0.0186784056442125,0.4222938165780096,0.0186784056442125,1.867840564421258,21.12411,1.287157643169316,41.56388127121095,0.7769056147137818
Donovan Clingan,443,233,-29.645350056856184,546.6453500568562,517,0.5513752728765462,0.5259593679458239,-6.691952608771147,-0.0254159049307223,0.5513752728765462,-0.0254159049307223,-2.541590493072232,7.1784,-4.1297991275014185,72.02162041680597,7.1784
Donovan Mitchell,1060,516,124.19080150784764,1092.8091984921523,1217,0.4329398474980771,0.4867924528301887,11.716113349796949,0.0538526053321115,0.4329398474980771,0.0538526053321115,5.385260533211156,46.3941,2.6768662719580214,26.231783782851696,0.3735711456622522
Donte DiVincenzo,588,242,11.937011068679494,643.0629889313205,655,0.4080726987064583,0.4115646258503401,2.030103923244812,0.0034919271438818,0.4080726987064583,0.0034919271438818,0.3491927143881856,11.99,0.9955805728673472,54.62885738115096,1.004439045169317
Draymond Green,343,143,-24.241914976192856,380.2419149761929,356,0.438438836164802,0.4169096209912536,-7.067613695683049,-0.0215292151735483,0.438438836164802,-0.0215292151735483,-2.152921517354839,25.892857,-0.9362394801080799,13.748965593097742,25.892857
Dru Smith,275,113,-29.924465144695123,290.92446514469515,261,0.4524360868080468,0.4109090909090909,-10.881623688980046,-0.0415269958989559,0.4524360868080468,-0.0415269958989559,-4.152699589895597,2.37887,-12.579277196608105,109.71595757649641,2.37887
Duncan Robinson,478,211,54.202111455815114,516.7978885441848,571,0.3983599663251758,0.4414225941422594,11.339353861049188,0.0430626278170835,0.3983599663251758,0.0430626278170835,4.306262781708359,26.722692,2.0283177853419527,21.367607724551107,0.49301939135312106
Dylan Harper,405,189,-41.87777838754103,446.877778387541,405,0.503363044376985,0.4666666666666667,-10.340192194454572,-0.0366963777103183,0.503363044376985,-0.0366963777103183,-3.66963777103183,12.37032,-3.3853431752404974,32.73965426925092,12.37032
Dyson Daniels,550,274,-50.54074363164171,608.5407436316417,558,0.5281599631236391,0.4981818181818181,-9.189226114843947,-0.0299781449418209,0.5281599631236391,-0.0299781449418209,-2.997814494182094,7.707709,-6.55716810684494,72.39505279714115,7.707709
Egor Dëmin,406,165,13.383612387852091,432.6163876121479,446,0.403413672369234,0.4064039408866995,3.29645625316554,0.0029902685174654,0.403413672369234,0.0029902685174654,0.2990268517465477,6.8892,1.942694708798132,64.73901178656448,0.5147489183303846
Evan Mobley,568,291,-43.84383441248776,673.8438344124878,630,0.5426652499914104,0.5123239436619719,-7.718984931776014,-0.0303413063294385,0.5426652499914104,-0.0303413063294385,-3.0341306329438544,46.3941,-0.9450303899092289,13.579312886767928,46.3941
Franz Wagner,428,205,1.0157647394089755,450.98423526059105,452,0.4785832175949427,0.4789719626168224,0.2373282101422839,0.0003887450218797,0.4785832175949427,0.0003887450218797,0.0388745021879743,38.66175,0.026273118506249086,11.6911417615602,38.061716950812254
Gary Trent Jr.,346,133,-2.3024130001592225,360.3024130001592,358,0.3877619124468712,0.384393063583815,-0.6654372832830123,-0.0033688488630562,0.3877619124468712,-0.0033688488630562,-0.3368848863056217,3.697105,-0.62276105227177,96.83252166221949,3.697105
Giannis Antetokounmpo,487,314,37.12970617812171,605.8702938218782,643,0.608220595895828,0.6447638603696099,7.624169646431563,0.0365432644737818,0.608220595895828,0.0365432644737818,3.6543264473781862,54.12645,0.685980813042823,11.879589368968407,1.4577667202735216
Gradey Dick,295,125,-26.543550667378327,324.5435506673783,298,0.4551113623878672,0.423728813559322,-8.997813785551974,-0.0313825488285451,0.4551113623878672,-0.0313825488285451,-3.1382548828545187,4.99056,-5.318751937132972,59.71273764868071,4.99056
Grayson Allen,471,197,20.920790771650843,490.0792092283491,511,0.4022791293804781,0.4182590233545648,4.441781480180646,0.0159798939740866,0.4022791293804781,0.0159798939740866,1.5979893974086667,16.875,1.2397505642459759,30.28148148148148,0.8066138696280459
Harrison Barnes,439,195,5.227861989976107,486.77213801002387,492,0.4377721407326281,0.4441913439635535,1.1908569453248534,0.0064192032309253,0.4377721407326281,0.0064192032309253,0.6419203230925374,19.0,0.27515063105137405,25.894736842105264,3.634372911226533
Herbert Jones,278,109,-49.19723050024711,311.1972305002471,262,0.4628234155054931,0.3920863309352518,-17.69684550368601,-0.0707370845702413,0.4628234155054931,-0.0707370845702413,-7.07370845702413,13.937574,-3.529827393221167,18.798106471040082,13.937574
Immanuel Quickley,694,309,54.12094209372258,702.8790579062775,757,0.411887631504002,0.4452449567723343,7.79840664174677,0.0333573252683322,0.411887631504002,0.0333573252683322,3.3357325268332296,32.5,1.6652597567299257,23.29230769230769,0.6005069154878889
Isaac Okoro,322,150,-28.636534978123123,376.6365349781231,348,0.4980431670884775,0.4658385093167702,-8.893333844137615,-0.0322046577717073,0.4980431670884775,-0.0322046577717073,-3.2204657771707335,11.0,-2.6033213616475566,31.636363636363637,11.0
Isaiah Collier,365,186,21.59558814800581,372.4044118519942,394,0.473116805424644,0.5095890410958904,5.91659949260433,0.0364722356712464,0.473116805424644,0.0364722356712464,3.647223567124641,2.6382,8.18572820408074,149.3442498673338,0.12216384114750854
Isaiah Joe,347,153,45.50072517118544,374.4992748288146,420,0.3962532077169602,0.4409221902017291,13.112600913886292,0.0446689824847689,0.3962532077169602,0.0446689824847689,4.466898248476891,12.362338,3.680592228685661,33.974156021296295,0.27169540602901826
Isaiah Stewart,339,183,-1.4000981313775824,401.4000981313776,400,0.5338890257381291,0.5398230088495575,-0.4130082983414697,0.0059339831114283,0.5338890257381291,0.0059339831114283,0.5933983111428343,15.0,-0.09333987542517216,26.666666666666668,15.0
Ivica Zubac,429,263,16.85882010926609,509.1411798907339,526,0.5934046385672889,0.6130536130536131,3.929794897264823,0.0196489744863241,0.5934046385672889,0.0196489744863241,1.9648974486324189,18.102,0.9313236166868905,29.057562700254117,1.073740622574804
Ja Morant,322,132,-44.27491504846,328.27491504846,284,0.4620952589570222,0.4099378881987577,-13.74997361753416,-0.0521573707582644,0.4620952589570222,-0.0521573707582644,-5.215737075826443,39.44609,-1.1224158097408388,7.199699640699497,39.44609
Jabari Smith Jr.,648,283,-15.32083251979238,696.3208325197924,681,0.4463288098887372,0.4367283950617284,-2.364326006140799,-0.0096004148270087,0.4463288098887372,-0.0096004148270087,-0.9600414827008796,12.350392,-1.240513865454018,55.13995021372601,12.350392
Jaden Ivey,256,114,9.3667510281452,268.6332489718548,278,0.4315305496250282,0.4453125,3.658887120369219,0.0137819503749718,0.4315305496250282,0.0137819503749718,1.378195037497182,10.107163,0.9267438378252335,27.505245537249177,1.0790468295388669
Jaden McDaniels,590,306,45.35502797008878,649.6449720299112,695,0.4927954115054578,0.5186440677966102,7.687292876286234,0.0258486562911523,0.4927954115054578,0.0258486562911523,2.584865629115235,24.393104,1.859338113349116,28.491658954104405,0.5378257955454692
Jaime Jaquez Jr.,622,314,0.5129526176504017,654.4870473823496,655,0.4958707549163216,0.5048231511254019,0.08246826650328,0.0089523962090802,0.4958707549163216,0.0089523962090802,0.8952396209080227,3.8616,0.132834218368138,169.6188108556039,3.8616
Jake LaRavia,389,181,-12.143451487656913,435.14345148765693,423,0.470781645689738,0.4652956298200514,-3.1217098939992067,-0.0054860158696866,0.470781645689738,-0.0054860158696866,-0.5486015869686667,6.0,-2.023908581276152,70.5,6.0
Jalen Brunson,1024,481,84.25629123952488,1023.7437087604752,1108,0.4307438127723345,0.4697265625,8.228153441359852,0.0389827497276654,0.4307438127723345,0.0389827497276654,3.898274972766546,34.944001,2.4111804266353154,31.70787455048436,0.41473462083277246
Jalen Duren,480,303,7.450109146219431,598.5498908537805,606,0.6234894696393547,0.63125,1.552106072129048,0.0077605303606452,0.6234894696393547,0.0077605303606452,0.7760530360645279,6.483144,1.1491506507058042,93.47316672281227,0.8702079221604265
Jalen Johnson,861,432,23.752746164889423,923.2472538351104,947,0.4872099898760428,0.5017421602787456,2.75873939197322,0.0145321704027028,0.4872099898760428,0.0145321704027028,1.4532170402702826,30.0,0.7917582054963141,31.566666666666666,1.2630118552079286
Jalen Smith,328,160,4.9688219667410145,381.031178033259,386,0.4835521987653651,0.4878048780487805,1.5148847459576265,0.0042526792834153,0.4835521987653651,0.0042526792834153,0.4252679283415328,9.0,0.5520913296378905,42.888888888888886,1.8112945201582624
Jalen Suggs,370,164,-3.5271152595929394,395.52711525959296,392,0.4380529112445405,0.4432432432432432,-0.953274394484578,0.0051903319987027,0.4380529112445405,0.0051903319987027,0.519033199870278,35.0,-0.1007747217026554,11.2,35.0
Jalen Williams,365,175,-14.910841481258077,384.9108414812581,370,0.4953652162187417,0.4794520547945205,-4.085162049659747,-0.0159131614242212,0.4953652162187417,-0.0159131614242212,-1.5913161424221225,6.580997,-2.265742026817225,56.22248422237542,6.580997
Jamal Murray,937,454,132.0021252978009,933.9978747021992,1066,0.4273765713837787,0.4845250800426894,14.087740159850682,0.0571485086589106,0.4273765713837787,0.0571485086589106,5.714850865891069,46.3941,2.845235176408226,22.97705958300732,0.3514647957018379
Jamal Shead,350,127,-50.4945274332426,365.4945274332426,315,0.4251135522194278,0.3628571428571429,-14.427007838069311,-0.0622564093622849,0.4251135522194278,-0.0622564093622849,-6.2256409362284995,1.955377,-25.823423019316788,161.09425445834742,1.955377
James Harden,804,338,-3.507179965840051,822.50717996584,819,0.4221434249803595,0.4203980099502487,-0.4362164136616979,-0.0017454150301107,0.4221434249803595,-0.0017454150301107,-0.1745415030110775,39.182693,-0.08950839509270204,20.90208552025763,39.182693
Jarace Walker,483,195,-33.672760588560706,509.6727605885607,476,0.4393441067712022,0.4037267080745341,-6.971586043180271,-0.035617398696668,0.4393441067712022,-0.035617398696668,-3.561739869666808,6.66552,-5.051782994959239,71.41228291266098,6.66552
Jared McCain,260,102,-15.360811814093385,270.3608118140934,255,0.4281349960866178,0.3923076923076923,-5.908004543882071,-0.0358273037789255,0.4281349960866178,-0.0358273037789255,-3.582730377892551,4.22136,-3.6388300960101447,60.40707260219455,4.22136
Jaren Jackson Jr.,719,342,37.09034333358196,730.9096566664181,768,0.4482640455990577,0.4756606397774687,5.158601298133791,0.027396594178411,0.4482640455990577,0.027396594178411,2.7396594178411005,35.0,1.059724095245199,21.942857142857143,0.9436418445959937
Jarrett Allen,398,248,17.78125701771682,479.2187429822832,497,0.5978178028735904,0.6231155778894473,4.467652517014276,0.0252977750158568,0.5978178028735904,0.0252977750158568,2.529777501585684,20.0,0.8890628508858409,24.85,1.1247798724281686
Javonte Green,276,123,-14.454413216584683,316.45441321658467,302,0.4699437544695934,0.4456521739130434,-5.237106237893001,-0.0242915805565499,0.4699437544695934,-0.0242915805565499,-2.429158055654995,2.296274,-6.294724939874198,131.51740602384558,2.296274
Jay Huff,375,176,-18.552852394787983,445.552852394788,427,0.4808305073211575,0.4693333333333333,-4.947427305276795,-0.0114971739878242,0.4808305073211575,-0.0114971739878242,-1.1497173987824238,2.349578,-7.896248770965673,181.73476258289784,2.349578
Jaylen Brown,1105,534,77.74250704214427,1092.2574929578557,1170,0.4469443968729921,0.4832579185520362,7.035520999289075,0.036313521679044,0.4469443968729921,0.036313521679044,3.6313521679044056,53.142264,1.4629129658861404,22.01637476340865,0.6835676648707963
Jaylen Wells,523,217,-35.11221555539045,560.1122155553904,525,0.4402319545871285,0.4149139579349904,-6.713616740992438,-0.0253179966521381,0.4402319545871285,-0.0253179966521381,-2.5317996652138133,1.955377,-17.956749800877503,268.4904240972457,1.955377
Jaylon Tyson,512,263,54.94360932536527,575.0563906746347,630,0.4821783224283939,0.513671875,10.731173696360404,0.031493552571606,0.4821783224283939,0.031493552571606,3.1493552571606074,3.49248,15.73197536574734,180.38757559098406,0.0635648084078026
Jerami Grant,527,231,-26.063063679427103,580.063063679427,554,0.4641556202957946,0.4383301707779886,-4.945552880346699,-0.0258254495178059,0.4641556202957946,-0.0258254495178059,-2.5825449517805965,32.000001,-0.8144707145298872,17.312499458984394,32.000001
Jeremiah Fears,658,282,-76.11605489405208,699.1160548940521,623,0.4815120315229686,0.4285714285714285,-11.567789497576303,-0.05294060295154,0.4815120315229686,-0.05294060295154,-5.294060295154007,7.52004,-10.121761971219845,82.84530401434036,7.52004
Jimmy Butler III,462,240,7.8611971884628655,504.1388028115371,512,0.5119032340720473,0.5194805194805194,1.7015578330006202,0.0075772854084721,0.5119032340720473,0.0075772854084721,0.7577285408472134,54.12645,0.14523762760097633,9.459330881666911,6.885268070801768
Jock Landale,417,220,32.53158503869155,464.4684149613085,497,0.4934087856753643,0.5275779376498801,7.80133933781572,0.0341691519745158,0.4934087856753643,0.0341691519745158,3.4169151974515866,10.296274,3.159549273717031,48.26988869954315,0.3165008402681299
Joel Embiid,563,278,26.20638989269571,568.7936101073043,595,0.4663381903982611,0.4937833037300178,4.654776179874904,0.0274451133317566,0.4663381903982611,0.0274451133317566,2.744511333175664,55.224526,0.4745425953080288,10.77419840597636,2.107292390372024
John Collins,488,276,51.26147644826092,571.738523551739,623,0.5215323059894708,0.5655737704918032,10.504400911528878,0.0440414645023324,0.5215323059894708,0.0440414645023324,4.404146450233249,26.58,1.9285732298066562,23.43867569601204,0.5185180342362484
Jonas Valančiūnas,272,157,27.157316642164265,291.8426833578357,319,0.5242624008756704,0.5772058823529411,9.98430758903098,0.0529434814772706,0.5242624008756704,0.0529434814772706,5.294348147727068,10.395,2.6125364735126757,30.68783068783069,0.3827697757097545
Jordan Clarkson,401,173,-15.89496706564398,423.894967065644,408,0.4424468465970735,0.4314214463840399,-3.963832185946129,-0.0110254002130336,0.4424468465970735,-0.0110254002130336,-1.1025400213033665,16.581988,-0.9585682407708883,24.605011172363653,16.581988
Jordan Goodwin,427,173,-32.77433650281788,458.7743365028179,426,0.4401269556132786,0.405152224824356,-7.675488642346108,-0.0349747307889226,0.4401269556132786,-0.0349747307889226,-3.49747307889226,2.349578,-13.94903106124499,181.30915423961238,2.349578
Jordan Poole,338,125,-35.553315157253465,356.55331515725345,321,0.4176537068147911,0.3698224852071006,-10.518732295045403,-0.0478312216076904,0.4176537068147911,-0.0478312216076904,-4.783122160769048,31.848215,-1.1163361952075954,10.079057805908432,31.848215
Jose Alvarado,310,131,10.205463252493551,331.79453674750647,342,0.4091201921670582,0.4225806451612903,3.2920849201592097,0.0134604529942321,0.4091201921670582,0.0134604529942321,1.3460452994232153,4.5,2.267880722776345,76.0,0.4409402972374128
Josh Giddey,470,217,-11.838396638671796,504.8383966386718,493,0.4750317474200509,0.4617021276595744,-2.5188077954620844,-0.0133296197604764,0.4750317474200509,-0.0133296197604764,-1.3329619760476474,25.0,-0.4735358655468718,19.72,25.0
Josh Hart,394,196,30.584534136981254,429.4154658630188,460,0.4663130916250109,0.4974619289340101,7.762572115985091,0.0311488373089992,0.4663130916250109,0.0311488373089992,3.11488373089992,19.47224,1.5706736429389354,23.623373582084035,0.6366694981453114
Jrue Holiday,346,157,17.906822738582143,360.09317726141785,378,0.4304639476048271,0.453757225433526,5.175382294387902,0.0232932778286989,0.4304639476048271,0.0232932778286989,2.3293277828698944,32.4,0.5526797141537698,11.666666666666668,1.8093662104662918
Julian Champagnie,455,192,2.4169012074704863,510.58309879252954,513,0.4186760688836985,0.421978021978022,0.5311870785649421,0.0033019530943234,0.4186760688836985,0.0033019530943234,0.3301953094323462,3.0,0.8056337358234954,171.0,1.241258844477049
Julius Randle,891,438,2.4106552252890614,960.589344774711,963,0.4834276312582152,0.4915824915824915,0.270556142007751,0.0081548603242763,0.4834276312582152,0.0081548603242763,0.8154860324276314,30.864198,0.07810522811216612,31.201199525741767,12.803240246144728
Justin Champagnie,298,149,-17.598158004101116,350.5981580041011,333,0.5212821118472458,0.5,-5.9054221490272205,-0.0212821118472458,0.5212821118472458,-0.0212821118472458,-2.128211184724582,2.349578,-7.489922873001499,141.7275783140632,2.349578
Jusuf Nurkić,358,180,9.018519275326216,375.98148072467376,385,0.4888489011023462,0.5027932960893855,2.519139462381624,0.0139443949870393,0.4888489011023462,0.0139443949870393,1.394439498703931,19.375,0.46547196259748214,19.870967741935484,2.1483571092438756
Karl-Anthony Towns,714,333,-60.85143203308108,806.8514320330811,746,0.5082260370279755,0.4663865546218487,-8.522609528442729,-0.0418394824061267,0.5082260370279755,-0.0418394824061267,-4.183948240612678,53.142264,-1.1450666090003445,14.037791088463978,53.142264
Kawhi Leonard,808,397,85.55900884438469,818.4409911556153,904,0.4420807733786534,0.4913366336633663,10.588986243116915,0.0492558602847129,0.4420807733786534,0.0492558602847129,4.92558602847129,50.0,1.7111801768876937,18.08,0.5843919965335309
Keegan Murray,259,111,-10.38268041862162,257.38268041862165,247,0.433870566352957,0.4285714285714285,-4.008756918386727,-0.0052991377815284,0.433870566352957,-0.0052991377815284,-0.5299137781528462,11.144093,-0.9316756795390724,22.16420842862672,11.144093
Kel'el Ware,444,236,-28.365272997657275,560.3652729976573,532,0.5692528106575023,0.5315315315315315,-6.388574999472358,-0.0377212791259707,0.5692528106575023,-0.0377212791259707,-3.7721279125970786,4.44336,-6.383744058023044,119.72921392819848,4.44336
Keldon Johnson,505,277,48.265887878258134,570.7341121217419,619,0.5017899764098389,0.5485148514851486,9.557601560051117,0.0467248750753096,0.5017899764098389,0.0467248750753096,4.672487507530965,17.5,2.758050735900465,35.371428571428574,0.3625749109628014
Kelly Oubre Jr.,341,160,0.4664462089157097,377.5335537910843,378,0.4685110521763608,0.469208211143695,0.1367877445500615,0.0006971589673342,0.4685110521763608,0.0006971589673342,0.0697158967334243,8.38215,0.05564756165371769,45.095828635851184,8.38215
Kentavious Caldwell-Pope,366,150,-19.597218563011022,374.59721856301104,355,0.4248989562906847,0.4098360655737705,-5.354431301369131,-0.0150628907169142,0.4248989562906847,-0.0150628907169142,-1.5062890716914246,21.6215,-0.9063764569068299,16.41884235598825,21.6215
Kevin Durant,894,452,144.21381866972848,875.7861813302716,1020,0.4321578804145103,0.5055928411633109,16.131299627486406,0.0734349607488006,0.4321578804145103,0.0734349607488006,7.343496074880063,54.708609,2.6360351927377366,18.644232025712807,0.37935760598151147
Kevin Huerter,423,192,-6.140511652213078,461.1405116522131,455,0.4455895542629955,0.4539007092198581,-1.4516576009959996,0.0083111549568625,0.4455895542629955,0.0083111549568625,0.8311154956862576,17.991071,-0.34130884438247605,25.290323183094547,17.991071
Kevin Porter Jr.,382,171,-25.598444657680695,407.5984446576807,382,0.474639734831489,0.4476439790575916,-6.7011635229530615,-0.0269957557738974,0.474639734831489,-0.0269957557738974,-2.69957557738974,5.134,-4.986062457670568,74.40592130892091,5.134
Keyonte George,782,358,42.95759282563072,793.0424071743693,836,0.4325651667177762,0.4578005115089514,5.493298315298046,0.0252353447911751,0.4325651667177762,0.0252353447911751,2.5235344791175174,4.27896,10.03926020005579,195.37457700001872,0.09960893333499243
Khris Middleton,316,135,-5.7549973448436855,310.7549973448437,305,0.4302668982710297,0.4272151898734177,-1.8212016914062297,-0.0030517083976119,0.4302668982710297,-0.0030517083976119,-0.3051708397611985,33.296296,-0.17284196851336514,9.160178057042742,33.296296
Klay Thompson,516,200,1.038468395013988,538.961531604986,540,0.3901091315438126,0.3875968992248062,0.2012535649251915,-0.0025122323190064,0.3901091315438126,-0.0025122323190064,-0.2512232319006435,16.666667,0.062308102454677224,32.39999935200001,16.049277069982956
Kon Knueppel,723,350,109.54445066401053,773.4555493359894,883,0.4284482133818261,0.4840940525587828,15.151376302076144,0.0556458391769567,0.4284482133818261,0.0556458391769567,5.56458391769567,10.01568,10.93729538723387,88.16176235662482,0.09143028185626319
Kris Dunn,337,161,17.670104903314165,362.32989509668585,380,0.45120928358134,0.4777448071216617,5.243354570716369,0.0265355235403217,0.45120928358134,0.0265355235403217,2.6535523540321737,5.4264,3.256321853035929,70.02801120448179,0.30709495103123224
Kyle Filipowski,405,197,-14.977656560077238,454.97765656007726,440,0.4977785084942648,0.4864197530864197,-3.6981868049573423,-0.011358755407845,0.4977785084942648,-0.011358755407845,-1.135875540784509,3.0,-4.9925521866924125,146.66666666666666,3.0
Kyle Kuzma,505,243,-13.85845744751028,548.8584574475103,535,0.4888019084897625,0.4811881188118811,-2.744248999506986,-0.0076137896778814,0.4888019084897625,-0.0076137896778814,-0.76137896778814,22.410605,-0.6183883678066826,23.872626374879214,22.410605
Kyshawn George,528,233,11.499798695332473,544.5002013046675,556,0.4352594163203327,0.4412878787878788,2.1779921771463013,0.006028462467546,0.4352594163203327,0.006028462467546,0.6028462467546014,2.96676,3.8762146905487715,187.40983429734797,0.2579836463749705
LaMelo Ball,764,306,-18.15688047293666,785.1568804729367,767,0.4155790446321206,0.4005235602094241,-2.3765550357246936,-0.0150554844226965,0.4155790446321206,-0.0150554844226965,-1.5055484422696552,37.95876,-0.47833175986087695,20.20613950508394,37.95876
Lauri Markkanen,782,374,-2.3631335905888213,864.3631335905889,862,0.4796312371240214,0.4782608695652174,-0.3021909962389797,-0.001370367558804,0.4796312371240214,-0.001370367558804,-0.1370367558804042,46.3941,-0.05093608003148722,18.57994874348247,46.3941
LeBron James,588,295,-4.115969510109917,645.11596951011,641,0.4978081739357907,0.5017006802721088,-0.6999948146445436,0.003892506336318,0.4978081739357907,0.003892506336318,0.3892506336318047,52.627153,-0.07820999760541705,12.180024254779656,52.627153
Luguentz Dort,347,138,-16.613606263418312,378.6136062634183,362,0.4158484486895609,0.3976945244956772,-4.787782784846776,-0.0181539241938836,0.4158484486895609,-0.0181539241938836,-1.8153924193883677,18.222222,-0.9117223060622526,19.8658539008031,18.222222
Luke Kennard,264,144,86.82896563016698,280.171034369833,367,0.4187320857762218,0.5454545454545454,32.88975970839658,0.1267224596783236,0.4187320857762218,0.1267224596783236,12.672245967832364,11.0,7.89354233001518,33.36363636363637,0.12668583484977358
Malik Monk,436,190,25.072863777281107,443.9271362227189,469,0.4240163792413565,0.4357798165137614,5.75065682965163,0.0117634372724049,0.4240163792413565,0.0117634372724049,1.176343727240492,18.797619,1.3338318952672201,24.94996839759333,0.7497196637359312
Marcus Smart,351,141,-21.176680150201673,372.17668015020166,351,0.4206435633914299,0.4017094017094017,-6.033242208034665,-0.0189341616820282,0.4206435633914299,-0.0189341616820282,-1.8934161682028217,26.720855,-0.7925150654873009,13.135807218743562,26.720855
Mark Williams,367,244,15.95615993380184,473.0438400661982,489,0.6439300648161536,0.6648501362397821,4.347727502398321,0.0209200714236285,0.6439300648161536,0.0209200714236285,2.0920071423628506,6.276531,2.5421940772381815,77.90927823028358,0.39336099826272575
Marvin Bagley III,271,167,4.909678832699669,338.0903211673003,343,0.609938755363656,0.6162361623616236,1.8116896061622392,0.0062974069979675,0.609938755363656,0.0062974069979675,0.6297406997967547,2.296274,2.1381067035988166,149.3724180999306,0.46770350531001137
Matas Buzelis,631,299,-28.37131317606101,739.371313176061,711,0.4970519956420312,0.473851030110935,-4.496246145176071,-0.0232009655310961,0.4970519956420312,-0.0232009655310961,-2.3200965531096127,5.45556,-5.200440133746309,130.32575940874997,5.45556
Max Christie,486,227,44.341518371085755,532.6584816289143,577,0.4376161372879626,0.4670781893004115,9.123769212157564,0.0294620520124488,0.4376161372879626,0.0294620520124488,2.946205201244884,7.714286,5.747974390771324,74.7962935260632,0.17397433113229466
Maxime Raynaud,362,200,41.3365592987621,369.6634407012379,411,0.4899589464037761,0.5524861878453039,11.41893903280721,0.0625272414415278,0.4899589464037761,0.0625272414415278,6.252724144152783,1.27287,32.47508331468422,322.8923613566193,0.030792838629849835
Michael Porter Jr.,763,362,50.233340858692145,823.7666591413079,874,0.4468677547792357,0.4744429882044561,6.583661973616271,0.0275752334252203,0.4468677547792357,0.0275752334252203,2.757523342522039,38.33305,1.3104446648177523,22.800168522984734,0.763099752967496
Mikal Bridges,694,350,66.32286086863104,751.6771391313689,818,0.459475020686977,0.5043227665706052,9.55660819432724,0.0448477458836281,0.459475020686977,0.0448477458836281,4.484774588362811,24.9,2.663568709583576,32.85140562248996,0.37543615691308396
Miles Bridges,767,344,-44.75748645130745,844.7574864513075,800,0.4699680265839594,0.4485006518904824,-5.835395886741519,-0.021467374693477,0.4699680265839594,-0.021467374693477,-2.1467374693477037,25.0,-1.790299458052298,32.0,25.0
Miles McBride,362,157,35.084733051051444,380.91526694894856,416,0.4030919548584017,0.4337016574585635,9.691915207472777,0.0306097026001617,0.4030919548584017,0.0306097026001617,3.060970260016177,4.333333,8.096477480740909,96.00000738461596,0.12351050223738656
Moses Moody,469,205,26.0297083747035,510.9702916252965,537,0.4196275277546223,0.4371002132196162,5.550044429574307,0.0174726854649938,0.4196275277546223,0.0174726854649938,1.7472685464993865,11.574075,2.2489666236570525,46.3967962882563,0.44464866195919645
Moussa Diabaté,253,160,-8.942525241963276,329.94252524196327,321,0.6506022978560893,0.6324110671936759,-3.5345949572977373,-0.0181912306624133,0.6506022978560893,-0.0181912306624133,-1.819123066241335,2.270735,-3.9381633004129832,141.3639196119318,2.270735
Myles Turner,483,213,13.399874140073328,520.6001258599267,534,0.4346653674764348,0.4409937888198758,2.7743010641973767,0.0063284213434409,0.4346653674764348,0.0063284213434409,0.6328421343440915,25.318251,0.5292574965021607,21.091504306517855,1.8894394630382292
Naji Marshall,552,294,63.502890529685565,572.4971094703144,636,0.4661075231735214,0.532608695652174,11.504146835087964,0.0665011724786525,0.4661075231735214,0.0665011724786525,6.65011724786525,9.0,7.055876725520618,70.66666666666667,0.14172583208307327
Naz Reid,635,298,54.117971971519594,676.8820280284804,731,0.4321066222485409,0.4692913385826772,8.522515271105448,0.0371847163341362,0.4321066222485409,0.0371847163341362,3.7184716334136225,21.551724,2.511073915549382,33.91840021707776,0.3982359873230638
Neemias Queta,330,211,8.896088886176962,413.103911113823,422,0.6230983847566371,0.6393939393939394,2.695784510962715,0.0162955546373022,0.6230983847566371,0.0162955546373022,1.6295554637302256,2.349578,3.786249652566104,179.60672086647048,0.26411359307019205
Nic Claxton,434,256,-19.732675600594728,534.7326756005947,515,0.610203105477092,0.5898617511520737,-4.546699447141642,-0.0203413543250182,0.610203105477092,-0.0203413543250182,-2.034135432501827,25.352272,-0.7783395350363363,20.313761228184994,25.352272
Nickeil Alexander-Walker,850,368,-11.201625375374416,911.2016253753744,900,0.4413108818895262,0.4329411764705882,-1.3178382794558137,-0.008369705418938,0.4413108818895262,-0.008369705418938,-0.8369705418938,15.1618,-0.7388057734157168,59.359706631138785,15.1618
Nikola Jokić,666,393,168.61395683250748,693.3860431674925,862,0.4720591797452798,0.5900900900900901,25.317410935811935,0.1180309103448102,0.4720591797452798,0.1180309103448102,11.803091034481028,55.224526,3.0532440755128887,15.609006766305248,0.3275204914078212
Nikola Jović,305,113,-58.23801196582137,328.2380119658214,270,0.441367298860311,0.3704918032786885,-19.09443015272832,-0.0708754955816224,0.441367298860311,-0.0708754955816224,-7.087549558162248,4.445417,-13.100685934710146,60.736709289589704,4.445417
Nikola Vučević,693,349,68.76864763610088,716.2313523638991,785,0.4572554653427655,0.5036075036075036,9.923325777215137,0.0463520382647381,0.4572554653427655,0.0463520382647381,4.635203826473811,21.481481,3.201299185847609,36.54310426734544,0.3123731778712928
Nique Clifford,326,128,-38.32131828151376,338.32131828151375,300,0.4413596151415475,0.3926380368098159,-11.755005607826307,-0.0487215783317315,0.4413596151415475,-0.0487215783317315,-4.872157833173151,3.10812,-12.32942044757402,96.52136983128065,3.10812
Noah Clowney,477,187,-51.95244976509763,523.9524497650976,472,0.4319799304737726,0.3920335429769392,-10.891498902536192,-0.0399463874968334,0.4319799304737726,-0.0399463874968334,-3.994638749683343,3.39864,-15.286246782565271,138.87908104418239,3.39864
Norman Powell,728,345,56.81558443281028,763.1844155671897,820,0.4429638194493713,0.4739010989010989,7.804338520990424,0.0309372794517275,0.4429638194493713,0.0309372794517275,3.093727945172753,20.482758,2.773824913266577,40.033671246811586,0.3605130212859602
OG Anunoby,499,239,-45.83993404884951,608.8399340488495,563,0.5239668154879001,0.4789579158316633,-9.186359528827555,-0.0450088996562368,0.5239668154879001,-0.0450088996562368,-4.500889965623683,39.568966,-1.1584819792574186,14.228322266495413,39.568966
Onyeka Okongwu,620,300,17.7287980652516,685.2712019347484,703,0.4718431092901941,0.4838709677419355,2.859483558911548,0.0120278584517413,0.4718431092901941,0.0120278584517413,1.202785845174137,15.0,1.1819198710167733,46.86666666666667,0.8460810453586227
P.J. Washington,465,208,-50.20371601713816,514.2037160171382,464,0.489783229011984,0.4473118279569892,-10.796498068201757,-0.0424714010549948,0.489783229011984,-0.0424714010549948,-4.247140105499481,14.152174,-3.5474207720409714,32.78648213341639,14.152174
Paolo Banchero,670,304,-56.52192310839742,713.5219231083975,657,0.4889467174307634,0.4537313432835821,-8.43610792662648,-0.0352153741471812,0.4889467174307634,-0.0352153741471812,-3.5215374147181286,15.334769,-3.6858672672798276,42.843814601967594,15.334769
Pascal Siakam,947,455,41.0783651327388,961.9216348672612,1003,0.4600054225648518,0.4804646251319958,4.3377365504476035,0.020459202567144,0.4600054225648518,0.020459202567144,2.0459202567144006,45.550512,0.9018200527084922,22.019510999129935,1.1088686673096677
Patrick Williams,327,126,-33.41832732605224,353.41832732605224,320,0.4435658808003495,0.3853211009174312,-10.21967196515359,-0.0582447798829183,0.4435658808003495,-0.0582447798829183,-5.824477988291832,18.0,-1.8565737403362357,17.77777777777778,18.0
Paul George,354,150,2.2349376586147343,363.76506234138526,366,0.4249152408802658,0.423728813559322,0.6313383216425803,-0.0011864273209438,0.4249152408802658,-0.0011864273209438,-0.1186427320943817,51.66609,0.043257340716410596,7.083950033764894,23.117463612843604
Payton Pritchard,744,344,85.96693158737216,738.0330684126278,824,0.4059243451568025,0.4623655913978494,11.554695105829593,0.0564412462410469,0.4059243451568025,0.0564412462410469,5.6441246241046965,7.232143,11.886785367403848,113.9358002185521,0.08412703427305229
Pelle Larsson,333,165,0.9513925892413256,371.0486074107587,372,0.4873492824648628,0.4954954954954955,0.2857034802526503,0.0081462130306326,0.4873492824648628,0.0081462130306326,0.8146213030632621,1.955377,0.48655199955881945,190.2446433603341,1.955377
Peyton Watson,532,264,8.223131003781551,594.7768689962185,603,0.4967378882023819,0.4962406015037593,1.5457013165002915,-0.0004972866986225,0.4967378882023819,-0.0004972866986225,-0.0497286698622534,4.356476,1.887564858335396,138.41462686813838,0.5297831200787873
Precious Achiuwa,288,144,-26.583757308383433,330.58375730838344,304,0.5392096150719179,0.5,-9.230471287633137,-0.0392096150719178,0.5392096150719179,-0.0392096150719178,-3.920961507191789,2.111516,-12.589891484783177,143.97238761155492,2.111516
Quentin Grimes,449,197,-18.85942978113558,499.8594297811356,481,0.4549919469248313,0.4387527839643652,-4.200318436778526,-0.016239162960466,0.4549919469248313,-0.016239162960466,-1.623916296046607,8.741209,-2.1575310441765643,55.02671312400837,8.741209
Quinten Post,358,157,1.9665622630563584,394.03343773694365,396,0.4299204034857271,0.4385474860335195,0.5493190678928375,0.0086270825477924,0.4299204034857271,0.0086270825477924,0.8627082547792431,1.955377,1.0057202590888399,202.51849131906533,0.9943122761651214
RJ Barrett,432,208,-3.5504197222792717,473.5504197222793,470,0.4808824972261099,0.4814814814814814,-0.8218564171942758,0.0005989842553715,0.4808824972261099,0.0005989842553715,0.0598984255371581,27.705357,-0.1281492139689545,16.96422825376334,27.705357
Reed Sheppard,585,249,31.974321746601476,594.0256782533985,626,0.4077935645977892,0.4256410256410256,5.4656960250600815,0.0178474610432364,0.4077935645977892,0.0178474610432364,1.7847461043236423,10.60356,3.0154327175591478,59.036776327950236,0.3316273628580423
Royce O'Neale,467,198,58.18559247613998,491.81440752386,550,0.382960124540778,0.4239828693790149,12.459441643713058,0.0410227448382369,0.382960124540778,0.0410227448382369,4.102274483823698,10.125,5.74672518282864,54.32098765432099,0.17401214921291613
Rudy Gobert,343,241,-2.6900995043519176,484.6900995043519,482,0.7055131348012165,0.7026239067055393,-0.7842855697819001,-0.0028892280956771,0.7055131348012165,-0.0028892280956771,-0.2889228095677154,35.0,-0.07685998583862622,13.771428571428572,35.0
Rui Hachimura,409,209,62.7889345754942,435.2110654245058,498,0.4511818480238881,0.511002444987775,15.35181774461961,0.0598205969638868,0.4511818480238881,0.0598205969638868,5.982059696388687,18.259259,3.4387449444412943,27.273834058654845,0.2908037717704224
Russell Westbrook,683,294,-15.659183768603164,710.6591837686032,695,0.4371973000277477,0.4304538799414348,-2.292706261874548,-0.0067434200863129,0.4371973000277477,-0.0067434200863129,-0.6743420086312901,2.296274,-6.819388177805943,302.6642290946115,2.296274
Ryan Dunn,261,115,-42.576473505388336,311.5764735053883,269,0.5098207637171028,0.4406130268199233,-16.312825097849938,-0.0692077368971794,0.5098207637171028,-0.0692077368971794,-6.920773689717946,2.65776,-16.01968330676522,101.21305159231834,2.65776
Ryan Rollins,712,330,34.208723577727994,747.7912764222721,782,0.4492624855393459,0.4634831460674157,4.804596008107865,0.0142206605280698,0.4492624855393459,0.0142206605280698,1.4220660528069806,4.0,8.552180894431999,195.5,0.11692923855844328
Saddiq Bey,624,278,-47.8579932805493,696.8579932805493,649,0.4793868993041794,0.4455128205128205,-7.669550205216234,-0.0338740787913588,0.4793868993041794,-0.0338740787913588,-3.387407879135884,6.118644,-7.821666578501594,106.06925325284492,6.118644
Sam Hauser,391,160,38.973525473135815,413.0264745268642,452,0.3740238345679703,0.4092071611253197,9.967653573692024,0.0351833265573493,0.3740238345679703,0.0351833265573493,3.518332655734935,10.044644,3.88003053897538,44.99910599121283,0.2577299302041255
Sam Merrill,285,138,79.99128090926752,305.0087190907325,385,0.3883199971844792,0.4842105263157895,28.067116108514917,0.0958905291313103,0.3883199971844792,0.0958905291313103,9.58905291313103,8.482144,9.43054974181852,45.389467568577004,0.10603835697569493
Sandro Mamukelashvili,427,224,33.43355795959789,489.5664420404021,523,0.4895539743098395,0.5245901639344263,7.829873058453838,0.0350361896245867,0.4895539743098395,0.0350361896245867,3.5036189624586767,2.461463,13.582799318778259,212.47526369480263,0.07362252629452437
Santi Aldama,476,228,15.447481930364514,510.5525180696355,526,0.4592874039517236,0.4789915966386555,3.245269313101789,0.0197041926869318,0.4592874039517236,0.0197041926869318,1.9704192686931856,18.485916,0.8356351900746771,28.454094457640075,1.1966944569563116
Scottie Barnes,806,406,-24.507365796476503,885.5073657964765,861,0.5123498184299589,0.5037220843672456,-3.040616103781204,-0.0086277340627132,0.5123498184299589,-0.0086277340627132,-0.8627734062713222,38.66175,-0.6338917870111028,22.270073134299405,38.66175
Shaedon Sharpe,847,386,-38.488142766013794,911.4881427660138,873,0.4748981953215689,0.4557260920897285,-4.54405463589301,-0.0191721032318404,0.4748981953215689,-0.0191721032318404,-1.9172103231840432,8.399983,-4.5819310308144425,103.92878176062975,8.399983
Shai Gilgeous-Alexander,964,534,190.3438289894297,964.6561710105702,1155,0.4588803969844208,0.553941908713693,19.74521047608192,0.0950615117292721,0.4588803969844208,0.0950615117292721,9.506151172927211,38.33305,4.965527892756504,30.130657487468387,0.2013884568967494
Simone Fontecchio,381,149,-26.14907348494293,419.14907348494296,393,0.4224363536719849,0.3910761154855643,-6.86327388056245,-0.0313602381864205,0.4224363536719849,-0.0313602381864205,-3.136023818642059,8.307692,-3.1475737768014187,47.305557307613235,8.307692
Sion James,251,95,-38.5351745281119,282.5351745281119,244,0.4546753968216688,0.3784860557768924,-15.352659174546574,-0.0761893410447763,0.4546753968216688,-0.0761893410447763,-7.618934104477637,2.296274,-16.78160991593856,106.25909625767657,2.296274
Stephen Curry,744,348,118.34277635804136,752.6572236419587,871,0.4011723026236735,0.4677419354838709,15.906287144898032,0.0665696328601974,0.4011723026236735,0.0665696328601974,6.656963286019746,59.606817,1.9853899656819682,14.612422602602653,0.5036793865614742
Stephon Castle,537,249,-53.242969256303475,597.2429692563035,544,0.5022740475328223,0.4636871508379888,-9.914891854060237,-0.0385868966948335,0.5022740475328223,-0.0385868966948335,-3.8586896694833506,9.56052,-5.56904532978368,56.90067067481685,9.56052
Svi Mykhailiuk,316,151,33.71558399543435,349.2844160045656,383,0.4323520466698093,0.4778481012658228,10.66948860615011,0.0454960545960134,0.4323520466698093,0.0454960545960134,4.549605459601347,3.675,9.174308570186218,104.21768707482994,0.10900003987763213
T.J. McConnell,330,178,53.29944349840558,314.7005565015944,368,0.4559072343172184,0.5393939393939394,16.151346514668358,0.083486705076721,0.4559072343172184,0.083486705076721,8.348670507672102,10.2,5.225435637098586,36.07843137254902,0.191371604101366
Tari Eason,317,143,6.247887283367234,348.7521127166328,355,0.4626183124940059,0.4511041009463722,1.97094236068367,-0.0115142115476336,0.4626183124940059,-0.0115142115476336,-1.1514211547633657,5.675766,1.1008007171837657,62.54662366277961,0.9084296407058587
Terance Mann,284,128,-19.15987098492042,314.1598709849204,295,0.4785915354053559,0.4507042253521127,-6.746433445394515,-0.0278873100532431,0.4785915354053559,-0.0278873100532431,-2.7887310053243186,15.5,-1.2361207087045432,19.032258064516128,15.5
Tim Hardaway Jr.,543,246,72.6640381414788,574.3359618585212,647,0.4028284172743414,0.4530386740331492,13.381959142077129,0.0502102567588077,0.4028284172743414,0.0502102567588077,5.021025675880775,2.296274,31.644323866175725,281.7608003226096,0.03160124400916302
Tobias Harris,393,179,-7.171994256287704,417.1719942562877,410,0.4614044613349422,0.455470737913486,-1.824934925264047,-0.0059337234214562,0.4614044613349422,-0.0059337234214562,-0.5933723421456205,26.634146,-0.269278176078471,15.393773091128958,26.634146
Toumani Camara,592,261,1.8380704584379672,666.161929541562,668,0.4392917799407543,0.4408783783783784,0.3104848747361431,0.001586598437624,0.4392917799407543,0.001586598437624,0.1586598437624098,2.221677,0.8273346928639794,300.67377030954543,1.2087006729263416
Tre Johnson,423,186,35.84295214476172,421.15704785523826,457,0.4058770826221682,0.4397163120567376,8.47351114533374,0.0338392294345693,0.4058770826221682,0.0338392294345693,3.383922943456935,8.23764,4.351119027386693,55.47705410772988,0.22982593528373454
Tre Jones,302,166,22.94094568842817,330.05905431157186,353,0.5073957710183749,0.5496688741721855,7.596339631929857,0.0422731031538106,0.5073957710183749,0.0422731031538106,4.227310315381061,8.0,2.867618211053521,44.125,0.3487214567634562
Trey Murphy III,848,404,33.58644404801314,942.4135559519868,976,0.4632468201907977,0.4764150943396226,3.9606655716996633,0.0131682741488248,0.4632468201907977,0.0131682741488248,1.3168274148824877,25.0,1.3434577619205257,39.04,0.7443479269273495
Tristan da Silva,363,155,-20.34487242092962,399.3448724209296,379,0.453614801135633,0.4269972451790633,-5.60464804984287,-0.0266175559565696,0.453614801135633,-0.0266175559565696,-2.661755595656967,3.80952,-5.340534351028376,99.48759948759948,3.80952
Tyrese Martin,255,100,-19.487630050103174,270.4876300501032,251,0.4240499144068325,0.392156862745098,-7.642207862785559,-0.0318930516617345,0.4240499144068325,-0.0318930516617345,-3.1893051661734506,2.191897,-8.890759944515265,114.5126801122498,2.191897
Tyrese Maxey,1117,524,55.99245289039837,1166.0075471096015,1222,0.4498968291891725,0.4691136974037601,5.0127531683436315,0.0192168682145875,0.4498968291891725,0.0192168682145875,1.9216868214587568,37.95876,1.475086459367966,32.19283243182865,0.6779263640101968
VJ Edgecombe,653,276,-62.419645636739105,714.4196456367391,652,0.4689381086392701,0.4226646248085758,-9.558904385411807,-0.0462734838306942,0.4689381086392701,-0.0462734838306942,-4.62734838306943,11.10888,-5.618896381699965,58.69178531049035,11.10888
Victor Wembanyama,654,334,-3.1583350842548352,744.1583350842549,741,0.5137346331180875,0.5107033639143731,-0.4829258538615956,-0.0030312692037144,0.5137346331180875,-0.0030312692037144,-0.3031269203714437,13.37688,-0.23610401560414948,55.39408292516641,13.37688
Vince Williams Jr.,281,101,-43.613395713624385,298.6133957136244,255,0.4211439840921089,0.3594306049822064,-15.520781392748892,-0.0617133791099024,0.4211439840921089,-0.0617133791099024,-6.171337910990249,2.301587,-18.949270965479204,110.79311796599477,2.301587
Walter Clayton Jr.,275,110,-19.8085298919053,284.8085298919053,265,0.4192140071727549,0.4,-7.203101778874656,-0.0192140071727549,0.4192140071727549,-0.0192140071727549,-1.92140071727549,3.99132,-4.962901970251772,66.39407514306045,3.99132
Wendell Carter Jr.,427,210,-24.893325958031383,501.89332595803137,477,0.5127096645872276,0.4918032786885246,-5.829818725534282,-0.0209063858987029,0.5127096645872276,-0.0209063858987029,-2.0906385898702973,10.85,-2.2943157565005885,43.963133640552996,10.85
Will Riley,274,113,-25.854359266612303,287.8543592666123,262,0.4540550573443359,0.4124087591240876,-9.435897542559236,-0.0416462982202482,0.4540550573443359,-0.0416462982202482,-4.164629822024829,3.51252,-7.360629766268179,74.59032261738012,3.51252
Zaccharie Risacher,383,172,-30.621741862616595,438.6217418626166,408,0.4851927670667812,0.4490861618798956,-7.995232862301983,-0.0361066051868856,0.4851927670667812,-0.0361066051868856,-3.6106605186885634,13.19772,-2.320229695933585,30.914430674389212,13.19772
Zach LaVine,547,262,48.3765791332329,574.6234208667671,623,0.4422071723479919,0.4789762340036563,8.843981560006014,0.0367690616556644,0.4422071723479919,0.0367690616556644,3.67690616556644,47.49966,1.0184615875825827,13.115883355796653,0.9818730644261183
Ziaire Williams,288,120,-27.97432590960504,330.97432590960506,303,0.4497725295743399,0.4166666666666667,-9.71330760750175,-0.0331058629076732,0.4497725295743399,-0.0331058629076732,-3.3105862907673256,6.25,-4.475892145536807,48.48,6.25
Zion Williamson,548,320,6.3615282123138,633.6384717876862,640,0.5771823404520395,0.583941605839416,1.160862812466022,0.0067592653873764,0.5771823404520395,0.0067592653873764,0.6759265387376479,39.44609,0.16127145205808233,16.224675246646754,6.200725467765042
