PLAYER_NAME,total_attempts,total_makes,total_poe,total_xp,total_actual_points,avg_xp_prob,fg_pct,poe_per_100,shooting_skill,expected_fg_pct,fg_residual,fg_residual_pct
AJ Green,391,172,73.16689392552766,421.83310607447237,495,0.3764442404400402,0.4398976982097187,18.71276059476411,0.06345345776967848,0.3764442404400402,0.06345345776967848,6.345345776967848
Aaron Gordon,273,139,14.497315845668123,305.50268415433186,320,0.48934093919466665,0.5091575091575091,5.310372104640338,0.01981656996284248,0.48934093919466665,0.01981656996284248,1.9816569962842479
Aaron Nesmith,370,144,-30.114934459848765,394.11493445984877,364,0.43214261778115,0.3891891891891892,-8.139171475634802,-0.042953428591960774,0.43214261778115,-0.042953428591960774,-4.295342859196078
Aaron Wiggins,363,161,-3.0788564071730775,400.0788564071731,397,0.4537461987613301,0.44352617079889806,-0.8481698091385887,-0.010220027962432043,0.4537461987613301,-0.010220027962432043,-1.0220027962432043
Ace Bailey,518,233,-42.17034044764985,581.1703404476499,539,0.4835840356798624,0.4498069498069498,-8.140992364411167,-0.033777085872912616,0.4835840356798624,-0.033777085872912616,-3.3777085872912616
Ajay Mitchell,456,222,22.56126083379854,469.43873916620146,492,0.45941598434224906,0.4868421052631579,4.947644919692662,0.027426120920908847,0.45941598434224906,0.027426120920908847,2.7426120920908845
Alex Sarr,575,285,-29.66643858031015,639.6664385803101,610,0.5190746803988402,0.4956521739130435,-5.159380622662635,-0.02342250648579669,0.5190746803988402,-0.02342250648579669,-2.342250648579669
Alperen Sengun,744,370,-18.160186856604884,784.1601868566049,766,0.5064288002426991,0.49731182795698925,-2.4408853301888285,-0.009116972285709846,0.5064288002426991,-0.009116972285709846,-0.9116972285709846
Amen Thompson,699,353,-81.86813859391823,805.8681385939183,724,0.5529168733636497,0.5050071530758226,-11.71218005635454,-0.04790972028782714,0.5529168733636497,-0.04790972028782714,-4.790972028782714
Andrew Nembhard,594,262,15.530179776321939,591.4698202236781,607,0.43038187741893214,0.44107744107744107,2.6145083798521784,0.010695563658508933,0.43038187741893214,0.010695563658508933,1.0695563658508933
Andrew Wiggins,648,305,16.914490854942542,691.0855091450575,708,0.46352771280440314,0.470679012345679,2.6102609344047134,0.007151299541275857,0.46352771280440314,0.007151299541275857,0.7151299541275857
Anfernee Simons,624,276,67.63406891531876,626.3659310846813,694,0.3972120530911199,0.4423076923076923,10.838793095403648,0.04509563921657239,0.3972120530911199,0.04509563921657239,4.509563921657239
Anthony Black,665,306,-48.6941488373637,749.6941488373637,701,0.49272918233396706,0.46015037593984964,-7.322428396596045,-0.03257880639411742,0.49272918233396706,-0.03257880639411742,-3.2578806394117423
Anthony Davis,334,169,-23.125753305719645,371.1257533057196,348,0.5355646381494552,0.5059880239520959,-6.923878235245402,-0.029576614197359352,0.5355646381494552,-0.029576614197359352,-2.957661419735935
Anthony Edwards,940,463,95.34994208908965,985.6500579109104,1081,0.4502542708593471,0.4925531914893617,10.143610860541452,0.042298920630014614,0.4502542708593471,0.042298920630014614,4.229892063001461
Ausar Thompson,403,206,-51.638074406629464,469.63807440662947,418,0.574030891268907,0.511166253101737,-12.813417966905574,-0.06286463816717003,0.574030891268907,-0.06286463816717003,-6.286463816717003
Austin Reaves,433,220,60.51316303386919,449.4868369661308,510,0.4400864892182105,0.5080831408775982,13.975326335766558,0.06799665165938773,0.4400864892182105,0.06799665165938773,6.799665165938773
Ayo Dosunmu,518,268,45.326053662533816,582.6739463374662,628,0.4900064403496482,0.5173745173745173,8.750203409755564,0.027368077024869153,0.4900064403496482,0.027368077024869153,2.7368077024869155
Bam Adebayo,705,312,-53.34624745025278,755.3462474502528,702,0.47480374013521554,0.4425531914893617,-7.566843609964933,-0.03225054864585386,0.47480374013521554,-0.03225054864585386,-3.225054864585386
Ben Sheppard,252,101,-18.402005659543896,275.4020056595439,257,0.43152681733066933,0.4007936507936508,-7.302383198231705,-0.03073316653701852,0.43152681733066933,-0.03073316653701852,-3.073316653701852
Bennedict Mathurin,381,162,-11.089154069258658,394.08915406925865,383,0.44132373469318703,0.4251968503937008,-2.9105391257896738,-0.01612688429948622,0.44132373469318703,-0.01612688429948622,-1.6126884299486222
Bilal Coulibaly,269,106,-76.57636727903126,317.5763672790313,241,0.513537122448077,0.3940520446096654,-28.467051033097125,-0.11948507783841161,0.513537122448077,-0.11948507783841161,-11.948507783841162
Bobby Portis,559,270,80.08150381120525,556.9184961887947,637,0.42700437403226615,0.48300536672629696,14.325850413453534,0.056000992694030804,0.42700437403226615,0.056000992694030804,5.6000992694030804
Bones Hyland,266,124,23.93448041626466,287.06551958373535,311,0.4276360924340274,0.46616541353383456,8.997924968520548,0.03852932109980717,0.4276360924340274,0.03852932109980717,3.852932109980717
Brandin Podziemski,522,234,25.865901233824403,533.1340987661756,559,0.4263984182819368,0.4482758620689655,4.955153493069809,0.021877443787028716,0.4263984182819368,0.021877443787028716,2.1877443787028716
Brandon Ingram,908,430,48.662061211242325,907.3379387887577,956,0.44695504991915835,0.473568281938326,5.359257842647834,0.026613232019167654,0.44695504991915835,0.026613232019167654,2.6613232019167654
Brandon Miller,636,270,-16.18842032788902,669.188420327889,653,0.4392043510946206,0.42452830188679247,-2.545349108158651,-0.014676049207828112,0.4392043510946206,-0.014676049207828112,-1.4676049207828112
Brandon Williams,444,207,-34.06376156010297,473.063761560103,439,0.4864443901441983,0.46621621621621623,-7.6720183693925605,-0.020228173927982096,0.4864443901441983,-0.020228173927982096,-2.02281739279821
Brice Sensabaugh,513,231,18.250595680617792,539.7494043193822,558,0.42794612692072664,0.4502923976608187,3.557620990373839,0.022346270740092045,0.42794612692072664,0.022346270740092045,2.2346270740092047
Brook Lopez,288,111,-10.68033851895549,301.68033851895547,291,0.40133678770669634,0.3854166666666667,-3.708450874637323,-0.015920121040029656,0.40133678770669634,-0.015920121040029656,-1.5920121040029656
Bruce Brown,344,159,-20.53042062657256,369.53042062657255,349,0.48965742396903383,0.4622093023255814,-5.9681455309803955,-0.02744812164345245,0.48965742396903383,-0.02744812164345245,-2.744812164345245
Bub Carrington,465,187,15.672425957464482,468.3275740425355,484,0.3969347454076699,0.4021505376344086,3.370414184400964,0.005215792226738736,0.3969347454076699,0.005215792226738736,0.5215792226738736
Buddy Hield,301,130,5.310930454649707,321.68906954535026,327,0.4174896946004064,0.4318936877076412,1.764428722474986,0.01440399310723478,0.4174896946004064,0.01440399310723478,1.440399310723478
CJ McCollum,778,354,56.67696305101308,783.3230369489869,840,0.42360808197844707,0.455012853470437,7.284956690361579,0.03140477149198995,0.42360808197844707,0.03140477149198995,3.1404771491989947
Cade Cunningham,901,416,-7.459039495389095,929.4590394953891,922,0.46193215852830205,0.46170921198668147,-0.827862319133085,-0.00022294654162058336,0.46193215852830205,-0.00022294654162058336,-0.022294654162058336
Caleb Love,485,189,-34.343645197175746,505.34364519717576,471,0.4151456085908987,0.38969072164948454,-7.081163958180567,-0.02545488694141418,0.4151456085908987,-0.02545488694141418,-2.545488694141418
Cam Spencer,407,194,87.00158575455823,410.9984142454418,498,0.3967062479975387,0.47665847665847666,21.376310996205955,0.07995222866093799,0.3967062479975387,0.07995222866093799,7.9952228660937985
Cam Thomas,346,141,-16.29390829771854,341.29390829771853,325,0.42605734861452804,0.407514450867052,-4.70922205136374,-0.018542897747476028,0.42605734861452804,-0.018542897747476028,-1.8542897747476028
Cameron Johnson,266,125,15.41151411171492,293.5884858882851,309,0.4585491671092869,0.4699248120300752,5.793802297637188,0.011375644920788297,0.4585491671092869,0.011375644920788297,1.1375644920788297
Cason Wallace,384,163,-36.967183011803264,433.9671830118033,397,0.4664665341932699,0.4244791666666667,-9.626870575990432,-0.0419873675266032,0.4664665341932699,-0.0419873675266032,-4.19873675266032
Cedric Coward,498,233,-12.461862560881563,549.4618625608815,537,0.4740754550480232,0.4678714859437751,-2.5023820403376633,-0.006203969104248086,0.4740754550480232,-0.006203969104248086,-0.6203969104248086
Chet Holmgren,568,318,25.589005321095332,671.4109946789047,697,0.5343339949891435,0.5598591549295775,4.505106570615376,0.025525159940434028,0.5343339949891435,0.025525159940434028,2.552515994043403
Coby White,393,172,-4.8703872342845145,420.8703872342845,416,0.44109012005895704,0.43765903307888043,-1.2392842835329554,-0.003431086980076603,0.44109012005895704,-0.003431086980076603,-0.3431086980076603
Collin Gillespie,576,250,76.28165432471037,586.7183456752896,663,0.3904850241793583,0.4340277777777778,13.24334276470666,0.04354275359841947,0.3904850241793583,0.04354275359841947,4.354275359841947
Collin Murray-Boyles,257,142,-15.569415965845602,315.5694159658456,300,0.5808569736994339,0.5525291828793775,-6.05813850811113,-0.02832779082005643,0.5808569736994339,-0.02832779082005643,-2.832779082005643
Collin Sexton,459,221,22.885727187868532,479.11427281213145,502,0.4595390864031512,0.48148148148148145,4.985997208685955,0.021942395078330235,0.4595390864031512,0.021942395078330235,2.1942395078330232
Cooper Flagg,790,381,-11.041789101466616,825.0417891014666,814,0.4824260542283538,0.48227848101265824,-1.3976948229704578,-0.00014757321569552895,0.4824260542283538,-0.00014757321569552895,-0.014757321569552895
Daniss Jenkins,299,127,-4.327211002691802,301.3272110026918,297,0.4364456915055206,0.42474916387959866,-1.4472277600975925,-0.011696527625921938,0.4364456915055206,-0.011696527625921938,-1.1696527625921938
Danny Wolf,294,119,-42.71934395489777,325.7193439548978,283,0.4685513629708544,0.40476190476190477,-14.530389100305364,-0.06378945820894966,0.4685513629708544,-0.06378945820894966,-6.378945820894966
Darius Garland,377,170,19.880849581957854,379.1191504180421,399,0.4255923578478357,0.4509283819628647,5.2734349023760885,0.025336024115029,0.4255923578478357,0.025336024115029,2.5336024115029
Davion Mitchell,348,163,17.16842462418788,363.8315753758121,381,0.45055397976959893,0.46839080459770116,4.933455351778127,0.017836824828102227,0.45055397976959893,0.017836824828102227,1.7836824828102227
Day'Ron Sharpe,275,168,9.33100156952739,333.6689984304726,343,0.5852694940071432,0.610909090909091,3.3930914798281413,0.025639596901947725,0.5852694940071432,0.025639596901947725,2.5639596901947725
De'Aaron Fox,674,326,46.81402309146957,695.1859769085304,742,0.44694842338723134,0.4836795252225519,6.9457007554109165,0.03673110183532058,0.44694842338723134,0.03673110183532058,3.673110183532058
De'Andre Hunter,501,208,-30.819432581244772,521.8194325812448,491,0.43145856985858994,0.4151696606786427,-6.151583349549855,-0.016288909179947242,0.43145856985858994,-0.016288909179947242,-1.6288909179947242
De'Anthony Melton,276,117,-16.50714713346851,289.5071471334685,273,0.4380967438250275,0.42391304347826086,-5.980850410676997,-0.014183700346766637,0.4380967438250275,-0.014183700346766637,-1.4183700346766637
DeMar DeRozan,749,370,84.59559643597223,696.4044035640278,781,0.4353988352751565,0.4939919893190921,11.294472154335411,0.058593154043935614,0.4353988352751565,0.058593154043935614,5.859315404393561
Deandre Ayton,412,278,75.97828637667632,480.0217136233237,556,0.5825506233292763,0.6747572815533981,18.44133164482435,0.09220665822412177,0.5825506233292763,0.09220665822412177,9.220665822412178
Deni Avdija,765,354,-12.585018730059845,822.5850187300598,810,0.468297803129164,0.4627450980392157,-1.6451004875895223,-0.005552705089948318,0.468297803129164,-0.005552705089948318,-0.5552705089948318
Dennis Schröder,457,183,-27.26522850875412,452.26522850875415,425,0.42407285703400754,0.40043763676148797,-5.9661331529002455,-0.023635220272519575,0.42407285703400754,-0.023635220272519575,-2.3635220272519577
Derik Queen,527,259,-49.30793016165513,582.3079301616551,533,0.5334826076646415,0.49146110056925996,-9.356343484185034,-0.04202150709538155,0.5334826076646415,-0.04202150709538155,-4.202150709538155
Derrick White,796,310,-35.344946808738015,804.344946808738,769,0.4031334688092628,0.38944723618090454,-4.440319950846485,-0.013686232628358275,0.4031334688092628,-0.013686232628358275,-1.3686232628358275
Desmond Bane,797,376,30.14372204606769,823.8562779539324,854,0.4547252374189144,0.47176913425345046,3.782148311928192,0.017043896834536054,0.4547252374189144,0.017043896834536054,1.7043896834536054
Devin Booker,782,356,23.750216226041918,762.249783773958,786,0.4338023539921599,0.45524296675191817,3.037112049365974,0.021440612759758282,0.4338023539921599,0.021440612759758282,2.144061275975828
Devin Vassell,490,207,3.0237924879709372,506.9762075120291,510,0.4158081687164847,0.42244897959183675,0.6171005077491709,0.006640810875352066,0.4158081687164847,0.006640810875352066,0.6640810875352066
Dillon Brooks,864,381,27.19005964164938,850.8099403583507,878,0.42229381657800963,0.4409722222222222,3.146997643709419,0.01867840564421258,0.42229381657800963,0.01867840564421258,1.8678405644212581
Dominick Barlow,262,146,-11.547251952180021,321.54725195218003,310,0.5676807145089311,0.5572519083969466,-4.407348073351153,-0.01042880611198449,0.5676807145089311,-0.01042880611198449,-1.042880611198449
Donovan Clingan,443,233,-29.645350056856184,546.6453500568562,517,0.5513752728765462,0.5259593679458239,-6.691952608771147,-0.02541590493072232,0.5513752728765462,-0.02541590493072232,-2.541590493072232
Donovan Mitchell,1060,516,124.19080150784764,1092.8091984921523,1217,0.4329398474980771,0.4867924528301887,11.716113349796947,0.05385260533211156,0.4329398474980771,0.05385260533211156,5.385260533211156
Donte DiVincenzo,588,242,11.937011068679494,643.0629889313205,655,0.4080726987064583,0.41156462585034015,2.030103923244812,0.0034919271438818567,0.4080726987064583,0.0034919271438818567,0.34919271438818567
Draymond Green,343,143,-24.241914976192856,380.24191497619285,356,0.43843883616480206,0.41690962099125367,-7.067613695683049,-0.02152921517354839,0.43843883616480206,-0.02152921517354839,-2.152921517354839
Dru Smith,275,113,-29.924465144695123,290.92446514469515,261,0.45243608680804687,0.4109090909090909,-10.881623688980046,-0.041526995898955976,0.45243608680804687,-0.041526995898955976,-4.152699589895597
Duncan Robinson,478,211,54.202111455815114,516.7978885441848,571,0.39835996632517584,0.44142259414225943,11.339353861049187,0.04306262781708359,0.39835996632517584,0.04306262781708359,4.306262781708359
Dylan Harper,405,189,-41.87777838754103,446.877778387541,405,0.503363044376985,0.4666666666666667,-10.340192194454573,-0.036696377710318306,0.503363044376985,-0.036696377710318306,-3.6696377710318306
Dyson Daniels,550,274,-50.54074363164171,608.5407436316417,558,0.5281599631236391,0.49818181818181817,-9.189226114843947,-0.02997814494182094,0.5281599631236391,-0.02997814494182094,-2.997814494182094
Egor Dëmin,406,165,13.383612387852093,432.6163876121479,446,0.40341367236923403,0.4064039408866995,3.29645625316554,0.0029902685174654775,0.40341367236923403,0.0029902685174654775,0.29902685174654775
Evan Mobley,568,291,-43.84383441248776,673.8438344124878,630,0.5426652499914104,0.5123239436619719,-7.718984931776014,-0.030341306329438544,0.5426652499914104,-0.030341306329438544,-3.0341306329438544
Franz Wagner,428,205,1.0157647394089755,450.98423526059105,452,0.4785832175949427,0.47897196261682246,0.23732821014228397,0.0003887450218797439,0.4785832175949427,0.0003887450218797439,0.03887450218797439
Gary Trent Jr.,346,133,-2.3024130001592225,360.3024130001592,358,0.38776191244687125,0.38439306358381503,-0.6654372832830123,-0.0033688488630562174,0.38776191244687125,-0.0033688488630562174,-0.33688488630562174
Giannis Antetokounmpo,487,314,37.12970617812171,605.8702938218782,643,0.608220595895828,0.6447638603696099,7.624169646431563,0.03654326447378187,0.608220595895828,0.03654326447378187,3.6543264473781867
Gradey Dick,295,125,-26.543550667378327,324.5435506673783,298,0.4551113623878672,0.423728813559322,-8.997813785551974,-0.03138254882854519,0.4551113623878672,-0.03138254882854519,-3.1382548828545187
Grayson Allen,471,197,20.920790771650843,490.07920922834916,511,0.4022791293804781,0.4182590233545648,4.441781480180646,0.015979893974086667,0.4022791293804781,0.015979893974086667,1.5979893974086667
Harrison Barnes,439,195,5.227861989976107,486.77213801002387,492,0.43777214073262816,0.44419134396355353,1.1908569453248534,0.006419203230925374,0.43777214073262816,0.006419203230925374,0.6419203230925374
Herbert Jones,278,109,-49.19723050024711,311.1972305002471,262,0.4628234155054931,0.3920863309352518,-17.69684550368601,-0.0707370845702413,0.4628234155054931,-0.0707370845702413,-7.07370845702413
Immanuel Quickley,694,309,54.12094209372258,702.8790579062775,757,0.411887631504002,0.4452449567723343,7.79840664174677,0.033357325268332294,0.411887631504002,0.033357325268332294,3.3357325268332296
Isaac Okoro,322,150,-28.636534978123123,376.6365349781231,348,0.4980431670884775,0.4658385093167702,-8.893333844137615,-0.032204657771707335,0.4980431670884775,-0.032204657771707335,-3.2204657771707335
Isaiah Collier,365,186,21.595588148005806,372.4044118519942,394,0.473116805424644,0.5095890410958904,5.91659949260433,0.03647223567124641,0.473116805424644,0.03647223567124641,3.647223567124641
Isaiah Joe,347,153,45.500725171185444,374.4992748288146,420,0.3962532077169602,0.4409221902017291,13.112600913886293,0.044668982484768915,0.3962532077169602,0.044668982484768915,4.466898248476891
Isaiah Stewart,339,183,-1.4000981313775824,401.4000981313776,400,0.5338890257381291,0.5398230088495575,-0.4130082983414697,0.0059339831114283426,0.5338890257381291,0.0059339831114283426,0.5933983111428343
Ivica Zubac,429,263,16.85882010926609,509.1411798907339,526,0.5934046385672889,0.6130536130536131,3.929794897264823,0.01964897448632419,0.5934046385672889,0.01964897448632419,1.9648974486324189
Ja Morant,322,132,-44.27491504846,328.27491504846,284,0.4620952589570222,0.40993788819875776,-13.749973617534161,-0.05215737075826443,0.4620952589570222,-0.05215737075826443,-5.215737075826443
Jabari Smith Jr.,648,283,-15.32083251979238,696.3208325197924,681,0.4463288098887372,0.4367283950617284,-2.364326006140799,-0.009600414827008796,0.4463288098887372,-0.009600414827008796,-0.9600414827008796
Jaden Ivey,256,114,9.3667510281452,268.6332489718548,278,0.4315305496250282,0.4453125,3.658887120369219,0.013781950374971819,0.4315305496250282,0.013781950374971819,1.3781950374971819
Jaden McDaniels,590,306,45.35502797008878,649.6449720299112,695,0.49279541150545786,0.5186440677966102,7.687292876286234,0.02584865629115235,0.49279541150545786,0.02584865629115235,2.584865629115235
Jaime Jaquez Jr.,622,314,0.5129526176504017,654.4870473823496,655,0.49587075491632165,0.5048231511254019,0.08246826650328001,0.008952396209080227,0.49587075491632165,0.008952396209080227,0.8952396209080227
Jake LaRavia,389,181,-12.143451487656913,435.14345148765693,423,0.47078164568973807,0.4652956298200514,-3.1217098939992067,-0.005486015869686667,0.47078164568973807,-0.005486015869686667,-0.5486015869686667
Jalen Brunson,1024,481,84.25629123952488,1023.7437087604751,1108,0.43074381277233453,0.4697265625,8.228153441359852,0.03898274972766547,0.43074381277233453,0.03898274972766547,3.8982749727665467
Jalen Duren,480,303,7.450109146219431,598.5498908537805,606,0.6234894696393547,0.63125,1.552106072129048,0.007760530360645279,0.6234894696393547,0.007760530360645279,0.7760530360645279
Jalen Johnson,861,432,23.752746164889423,923.2472538351105,947,0.4872099898760428,0.5017421602787456,2.75873939197322,0.014532170402702826,0.4872099898760428,0.014532170402702826,1.4532170402702826
Jalen Smith,328,160,4.9688219667410145,381.031178033259,386,0.48355219876536515,0.4878048780487805,1.5148847459576265,0.004252679283415328,0.48355219876536515,0.004252679283415328,0.4252679283415328
Jalen Suggs,370,164,-3.5271152595929394,395.52711525959296,392,0.4380529112445405,0.44324324324324327,-0.9532743944845781,0.00519033199870278,0.4380529112445405,0.00519033199870278,0.519033199870278
Jalen Williams,365,175,-14.910841481258077,384.9108414812581,370,0.49536521621874174,0.4794520547945205,-4.085162049659747,-0.015913161424221223,0.49536521621874174,-0.015913161424221223,-1.5913161424221223
Jamal Murray,937,454,132.0021252978009,933.9978747021992,1066,0.42737657138377877,0.48452508004268946,14.087740159850682,0.05714850865891069,0.42737657138377877,0.05714850865891069,5.714850865891069
Jamal Shead,350,127,-50.4945274332426,365.4945274332426,315,0.42511355221942787,0.3628571428571429,-14.427007838069313,-0.06225640936228499,0.42511355221942787,-0.06225640936228499,-6.2256409362284995
James Harden,804,338,-3.507179965840051,822.50717996584,819,0.4221434249803595,0.42039800995024873,-0.4362164136616979,-0.0017454150301107751,0.4221434249803595,-0.0017454150301107751,-0.17454150301107751
Jarace Walker,483,195,-33.672760588560706,509.6727605885607,476,0.4393441067712022,0.40372670807453415,-6.971586043180271,-0.03561739869666808,0.4393441067712022,-0.03561739869666808,-3.561739869666808
Jared McCain,260,102,-15.360811814093383,270.3608118140934,255,0.4281349960866178,0.3923076923076923,-5.908004543882071,-0.03582730377892551,0.4281349960866178,-0.03582730377892551,-3.582730377892551
Jaren Jackson Jr.,719,342,37.09034333358196,730.9096566664181,768,0.4482640455990577,0.4756606397774687,5.158601298133791,0.027396594178411005,0.4482640455990577,0.027396594178411005,2.7396594178411005
Jarrett Allen,398,248,17.78125701771682,479.2187429822832,497,0.5978178028735904,0.6231155778894473,4.467652517014276,0.025297775015856838,0.5978178028735904,0.025297775015856838,2.529777501585684
Javonte Green,276,123,-14.454413216584685,316.45441321658467,302,0.4699437544695934,0.44565217391304346,-5.237106237893001,-0.024291580556549952,0.4699437544695934,-0.024291580556549952,-2.4291580556549954
Jay Huff,375,176,-18.552852394787983,445.552852394788,427,0.48083050732115756,0.4693333333333333,-4.947427305276795,-0.011497173987824238,0.48083050732115756,-0.011497173987824238,-1.1497173987824238
Jaylen Brown,1105,534,77.74250704214427,1092.2574929578557,1170,0.44694439687299214,0.4832579185520362,7.035520999289075,0.03631352167904406,0.44694439687299214,0.03631352167904406,3.6313521679044056
Jaylen Wells,523,217,-35.11221555539045,560.1122155553904,525,0.44023195458712855,0.4149139579349904,-6.713616740992438,-0.02531799665213813,0.44023195458712855,-0.02531799665213813,-2.5317996652138133
Jaylon Tyson,512,263,54.94360932536527,575.0563906746347,630,0.4821783224283939,0.513671875,10.731173696360404,0.031493552571606076,0.4821783224283939,0.031493552571606076,3.1493552571606074
Jerami Grant,527,231,-26.063063679427103,580.063063679427,554,0.4641556202957946,0.43833017077798864,-4.945552880346699,-0.025825449517805965,0.4641556202957946,-0.025825449517805965,-2.5825449517805965
Jeremiah Fears,658,282,-76.11605489405208,699.1160548940521,623,0.4815120315229686,0.42857142857142855,-11.567789497576305,-0.05294060295154007,0.4815120315229686,-0.05294060295154007,-5.294060295154007
Jimmy Butler III,462,240,7.8611971884628655,504.1388028115371,512,0.5119032340720473,0.5194805194805194,1.7015578330006202,0.007577285408472134,0.5119032340720473,0.007577285408472134,0.7577285408472134
Jock Landale,417,220,32.53158503869155,464.46841496130844,497,0.4934087856753643,0.5275779376498801,7.80133933781572,0.034169151974515866,0.4934087856753643,0.034169151974515866,3.4169151974515866
Joel Embiid,563,278,26.206389892695714,568.7936101073043,595,0.46633819039826113,0.4937833037300178,4.654776179874904,0.027445113331756643,0.46633819039826113,0.027445113331756643,2.744511333175664
John Collins,488,276,51.26147644826092,571.738523551739,623,0.5215323059894708,0.5655737704918032,10.504400911528878,0.044041464502332484,0.5215323059894708,0.044041464502332484,4.404146450233249
Jonas Valančiūnas,272,157,27.157316642164265,291.8426833578357,319,0.5242624008756704,0.5772058823529411,9.98430758903098,0.05294348147727068,0.5242624008756704,0.05294348147727068,5.294348147727068
Jordan Clarkson,401,173,-15.894967065643979,423.894967065644,408,0.44244684659707356,0.4314214463840399,-3.963832185946129,-0.011025400213033665,0.44244684659707356,-0.011025400213033665,-1.1025400213033665
Jordan Goodwin,427,173,-32.77433650281788,458.7743365028179,426,0.4401269556132786,0.405152224824356,-7.675488642346108,-0.0349747307889226,0.4401269556132786,-0.0349747307889226,-3.49747307889226
Jordan Poole,338,125,-35.553315157253465,356.55331515725345,321,0.4176537068147911,0.3698224852071006,-10.518732295045403,-0.04783122160769049,0.4176537068147911,-0.04783122160769049,-4.783122160769048
Jose Alvarado,310,131,10.205463252493551,331.79453674750647,342,0.4091201921670582,0.42258064516129035,3.2920849201592097,0.013460452994232153,0.4091201921670582,0.013460452994232153,1.3460452994232153
Josh Giddey,470,217,-11.838396638671796,504.8383966386718,493,0.47503174742005094,0.46170212765957447,-2.5188077954620844,-0.013329619760476474,0.47503174742005094,-0.013329619760476474,-1.3329619760476474
Josh Hart,394,196,30.584534136981254,429.41546586301877,460,0.46631309162501094,0.49746192893401014,7.7625721159850904,0.0311488373089992,0.46631309162501094,0.0311488373089992,3.11488373089992
Jrue Holiday,346,157,17.906822738582143,360.09317726141785,378,0.4304639476048271,0.45375722543352603,5.175382294387902,0.023293277828698944,0.4304639476048271,0.023293277828698944,2.3293277828698944
Julian Champagnie,455,192,2.4169012074704863,510.58309879252954,513,0.4186760688836985,0.421978021978022,0.5311870785649421,0.003301953094323462,0.4186760688836985,0.003301953094323462,0.3301953094323462
Julius Randle,891,438,2.4106552252890614,960.589344774711,963,0.48342763125821525,0.49158249158249157,0.270556142007751,0.008154860324276314,0.48342763125821525,0.008154860324276314,0.8154860324276314
Justin Champagnie,298,149,-17.598158004101116,350.5981580041011,333,0.5212821118472458,0.5,-5.9054221490272205,-0.02128211184724582,0.5212821118472458,-0.02128211184724582,-2.128211184724582
Jusuf Nurkić,358,180,9.018519275326215,375.98148072467376,385,0.4888489011023462,0.5027932960893855,2.519139462381624,0.01394439498703931,0.4888489011023462,0.01394439498703931,1.394439498703931
Karl-Anthony Towns,714,333,-60.85143203308108,806.8514320330811,746,0.5082260370279755,0.46638655462184875,-8.522609528442729,-0.04183948240612678,0.5082260370279755,-0.04183948240612678,-4.183948240612678
Kawhi Leonard,808,397,85.55900884438469,818.4409911556153,904,0.4420807733786534,0.49133663366336633,10.588986243116917,0.049255860284712905,0.4420807733786534,0.049255860284712905,4.92558602847129
Keegan Murray,259,111,-10.382680418621621,257.38268041862165,247,0.433870566352957,0.42857142857142855,-4.008756918386727,-0.005299137781528462,0.433870566352957,-0.005299137781528462,-0.5299137781528462
Kel'el Ware,444,236,-28.365272997657275,560.3652729976573,532,0.5692528106575023,0.5315315315315315,-6.388574999472358,-0.037721279125970786,0.5692528106575023,-0.037721279125970786,-3.7721279125970786
Keldon Johnson,505,277,48.265887878258134,570.7341121217419,619,0.5017899764098389,0.5485148514851486,9.557601560051115,0.046724875075309646,0.5017899764098389,0.046724875075309646,4.672487507530965
Kelly Oubre Jr.,341,160,0.46644620891570976,377.5335537910843,378,0.4685110521763608,0.46920821114369504,0.1367877445500615,0.0006971589673342438,0.4685110521763608,0.0006971589673342438,0.06971589673342438
Kentavious Caldwell-Pope,366,150,-19.597218563011022,374.59721856301104,355,0.42489895629068475,0.4098360655737705,-5.354431301369131,-0.015062890716914246,0.42489895629068475,-0.015062890716914246,-1.5062890716914246
Kevin Durant,894,452,144.21381866972848,875.7861813302716,1020,0.4321578804145103,0.5055928411633109,16.131299627486406,0.07343496074880063,0.4321578804145103,0.07343496074880063,7.343496074880063
Kevin Huerter,423,192,-6.140511652213078,461.1405116522131,455,0.44558955426299557,0.45390070921985815,-1.4516576009959996,0.008311154956862576,0.44558955426299557,0.008311154956862576,0.8311154956862576
Kevin Porter Jr.,382,171,-25.598444657680698,407.5984446576807,382,0.474639734831489,0.4476439790575916,-6.7011635229530615,-0.0269957557738974,0.474639734831489,-0.0269957557738974,-2.69957557738974
Keyonte George,782,358,42.95759282563072,793.0424071743693,836,0.43256516671777623,0.4578005115089514,5.493298315298046,0.025235344791175174,0.43256516671777623,0.025235344791175174,2.5235344791175174
Khris Middleton,316,135,-5.7549973448436855,310.7549973448437,305,0.4302668982710297,0.4272151898734177,-1.8212016914062295,-0.003051708397611985,0.4302668982710297,-0.003051708397611985,-0.3051708397611985
Klay Thompson,516,200,1.0384683950139881,538.961531604986,540,0.39010913154381266,0.3875968992248062,0.2012535649251915,-0.0025122323190064355,0.39010913154381266,-0.0025122323190064355,-0.25122323190064355
Kobe Sanders,264,115,-4.092175620037579,281.09217562003755,277,0.44472303613708125,0.4356060606060606,-1.5500665227415071,-0.009116975531020644,0.44472303613708125,-0.009116975531020644,-0.9116975531020644
Kon Knueppel,723,350,109.54445066401053,773.4555493359894,883,0.42844821338182615,0.48409405255878285,15.151376302076144,0.0556458391769567,0.42844821338182615,0.0556458391769567,5.56458391769567
Kris Dunn,337,161,17.670104903314165,362.32989509668585,380,0.45120928358134,0.47774480712166173,5.243354570716369,0.026535523540321737,0.45120928358134,0.026535523540321737,2.6535523540321737
Kyle Filipowski,405,197,-14.977656560077238,454.97765656007726,440,0.49777850849426486,0.48641975308641977,-3.6981868049573423,-0.01135875540784509,0.49777850849426486,-0.01135875540784509,-1.135875540784509
Kyle Kuzma,505,243,-13.858457447510279,548.8584574475103,535,0.48880190848976257,0.48118811881188117,-2.744248999506986,-0.0076137896778814,0.48880190848976257,-0.0076137896778814,-0.76137896778814
Kyshawn George,528,233,11.499798695332471,544.5002013046675,556,0.43525941632033277,0.4412878787878788,2.1779921771463013,0.006028462467546014,0.43525941632033277,0.006028462467546014,0.6028462467546014
LaMelo Ball,764,306,-18.15688047293666,785.1568804729367,767,0.41557904463212064,0.4005235602094241,-2.3765550357246936,-0.015055484422696552,0.41557904463212064,-0.015055484422696552,-1.5055484422696552
Lauri Markkanen,782,374,-2.3631335905888213,864.3631335905889,862,0.47963123712402145,0.4782608695652174,-0.3021909962389797,-0.001370367558804042,0.47963123712402145,-0.001370367558804042,-0.1370367558804042
LeBron James,588,295,-4.115969510109917,645.11596951011,641,0.49780817393579074,0.5017006802721088,-0.6999948146445436,0.0038925063363180468,0.49780817393579074,0.0038925063363180468,0.3892506336318047
Luguentz Dort,347,138,-16.613606263418312,378.6136062634183,362,0.4158484486895609,0.3976945244956772,-4.787782784846776,-0.018153924193883675,0.4158484486895609,-0.018153924193883675,-1.8153924193883675
Luka Dončić,923,437,114.3191478561605,908.6808521438395,1023,0.41075124277948377,0.4734561213434453,12.385606484957801,0.06270487856396151,0.41075124277948377,0.06270487856396151,6.270487856396151
Luke Kennard,264,144,86.82896563016698,280.171034369833,367,0.4187320857762218,0.5454545454545454,32.88975970839658,0.12672245967832363,0.4187320857762218,0.12672245967832363,12.672245967832364
Malik Monk,436,190,25.072863777281107,443.9271362227189,469,0.42401637924135654,0.43577981651376146,5.75065682965163,0.01176343727240492,0.42401637924135654,0.01176343727240492,1.176343727240492
Marcus Smart,351,141,-21.176680150201673,372.17668015020166,351,0.42064356339142994,0.4017094017094017,-6.033242208034665,-0.018934161682028217,0.42064356339142994,-0.018934161682028217,-1.8934161682028217
Mark Williams,367,244,15.956159933801839,473.0438400661982,489,0.6439300648161536,0.6648501362397821,4.347727502398321,0.020920071423628506,0.6439300648161536,0.020920071423628506,2.0920071423628506
Marvin Bagley III,271,167,4.909678832699669,338.0903211673003,343,0.609938755363656,0.6162361623616236,1.8116896061622394,0.006297406997967547,0.609938755363656,0.006297406997967547,0.6297406997967547
Matas Buzelis,631,299,-28.37131317606101,739.371313176061,711,0.4970519956420312,0.47385103011093505,-4.496246145176071,-0.02320096553109613,0.4970519956420312,-0.02320096553109613,-2.3200965531096127
Max Christie,486,227,44.341518371085755,532.6584816289143,577,0.43761613728796267,0.4670781893004115,9.123769212157564,0.029462052012448836,0.43761613728796267,0.029462052012448836,2.946205201244884
Maxime Raynaud,362,200,41.3365592987621,369.6634407012379,411,0.4899589464037761,0.5524861878453039,11.41893903280721,0.06252724144152783,0.4899589464037761,0.06252724144152783,6.252724144152783
Michael Porter Jr.,763,362,50.233340858692145,823.7666591413079,874,0.4468677547792357,0.4744429882044561,6.583661973616271,0.02757523342522039,0.4468677547792357,0.02757523342522039,2.757523342522039
Mikal Bridges,694,350,66.32286086863104,751.6771391313689,818,0.45947502068697704,0.5043227665706052,9.55660819432724,0.04484774588362811,0.45947502068697704,0.04484774588362811,4.484774588362811
Miles Bridges,767,344,-44.75748645130745,844.7574864513075,800,0.4699680265839594,0.4485006518904824,-5.835395886741519,-0.021467374693477037,0.4699680265839594,-0.021467374693477037,-2.1467374693477037
Miles McBride,362,157,35.084733051051444,380.91526694894856,416,0.40309195485840177,0.43370165745856354,9.691915207472775,0.03060970260016177,0.40309195485840177,0.03060970260016177,3.060970260016177
Moses Moody,469,205,26.0297083747035,510.9702916252965,537,0.41962752775462236,0.43710021321961623,5.550044429574307,0.017472685464993865,0.41962752775462236,0.017472685464993865,1.7472685464993865
Moussa Diabaté,253,160,-8.942525241963276,329.94252524196327,321,0.6506022978560893,0.6324110671936759,-3.5345949572977373,-0.01819123066241335,0.6506022978560893,-0.01819123066241335,-1.819123066241335
Myles Turner,483,213,13.399874140073328,520.6001258599267,534,0.43466536747643486,0.4409937888198758,2.7743010641973767,0.006328421343440915,0.43466536747643486,0.006328421343440915,0.6328421343440915
Naji Marshall,552,294,63.502890529685565,572.4971094703144,636,0.46610752317352144,0.532608695652174,11.504146835087965,0.0665011724786525,0.46610752317352144,0.0665011724786525,6.65011724786525
Naz Reid,635,298,54.117971971519594,676.8820280284804,731,0.43210662224854096,0.4692913385826772,8.522515271105448,0.037184716334136225,0.43210662224854096,0.037184716334136225,3.7184716334136225
Neemias Queta,330,211,8.896088886176962,413.103911113823,422,0.6230983847566371,0.6393939393939394,2.6957845109627154,0.016295554637302256,0.6230983847566371,0.016295554637302256,1.6295554637302256
Nic Claxton,434,256,-19.732675600594728,534.7326756005947,515,0.610203105477092,0.5898617511520737,-4.546699447141642,-0.020341354325018268,0.610203105477092,-0.020341354325018268,-2.034135432501827
Nickeil Alexander-Walker,850,368,-11.201625375374416,911.2016253753744,900,0.4413108818895262,0.4329411764705882,-1.3178382794558137,-0.008369705418938,0.4413108818895262,-0.008369705418938,-0.8369705418938
Nikola Jokić,666,393,168.61395683250748,693.3860431674925,862,0.4720591797452798,0.5900900900900901,25.317410935811935,0.11803091034481028,0.4720591797452798,0.11803091034481028,11.803091034481028
Nikola Jović,305,113,-58.23801196582137,328.2380119658214,270,0.441367298860311,0.3704918032786885,-19.094430152728318,-0.07087549558162248,0.441367298860311,-0.07087549558162248,-7.087549558162248
Nikola Vučević,693,349,68.76864763610088,716.2313523638991,785,0.4572554653427655,0.5036075036075036,9.923325777215135,0.046352038264738105,0.4572554653427655,0.046352038264738105,4.635203826473811
Nique Clifford,326,128,-38.32131828151376,338.32131828151375,300,0.4413596151415475,0.39263803680981596,-11.755005607826307,-0.04872157833173152,0.4413596151415475,-0.04872157833173152,-4.872157833173151
Noah Clowney,477,187,-51.95244976509763,523.9524497650976,472,0.43197993047377264,0.3920335429769392,-10.891498902536192,-0.039946387496833435,0.43197993047377264,-0.039946387496833435,-3.9946387496833435
Norman Powell,728,345,56.81558443281028,763.1844155671897,820,0.44296381944937135,0.4739010989010989,7.804338520990424,0.03093727945172753,0.44296381944937135,0.03093727945172753,3.093727945172753
OG Anunoby,499,239,-45.83993404884951,608.8399340488495,563,0.5239668154879001,0.4789579158316633,-9.186359528827555,-0.045008899656236834,0.5239668154879001,-0.045008899656236834,-4.500889965623683
Onyeka Okongwu,620,300,17.7287980652516,685.2712019347484,703,0.47184310929019413,0.4838709677419355,2.859483558911548,0.012027858451741369,0.47184310929019413,0.012027858451741369,1.202785845174137
P.J. Washington,465,208,-50.20371601713816,514.2037160171382,464,0.48978322901198407,0.44731182795698926,-10.796498068201755,-0.042471401054994806,0.48978322901198407,-0.042471401054994806,-4.247140105499481
Paolo Banchero,670,304,-56.52192310839742,713.5219231083975,657,0.4889467174307634,0.4537313432835821,-8.43610792662648,-0.03521537414718129,0.4889467174307634,-0.03521537414718129,-3.5215374147181286
Pascal Siakam,947,455,41.0783651327388,961.9216348672612,1003,0.4600054225648518,0.4804646251319958,4.3377365504476035,0.020459202567144008,0.4600054225648518,0.020459202567144008,2.0459202567144006
Patrick Williams,327,126,-33.41832732605224,353.41832732605224,320,0.44356588080034953,0.3853211009174312,-10.21967196515359,-0.05824477988291832,0.44356588080034953,-0.05824477988291832,-5.824477988291832
Paul George,354,150,2.2349376586147343,363.76506234138526,366,0.42491524088026583,0.423728813559322,0.6313383216425803,-0.001186427320943817,0.42491524088026583,-0.001186427320943817,-0.1186427320943817
Payton Pritchard,744,344,85.96693158737216,738.0330684126278,824,0.4059243451568025,0.46236559139784944,11.554695105829591,0.05644124624104696,0.4059243451568025,0.05644124624104696,5.6441246241046965
Pelle Larsson,333,165,0.9513925892413257,371.0486074107587,372,0.48734928246486287,0.4954954954954955,0.28570348025265035,0.00814621303063262,0.48734928246486287,0.00814621303063262,0.8146213030632621
Peyton Watson,532,264,8.223131003781551,594.7768689962185,603,0.4967378882023819,0.49624060150375937,1.5457013165002915,-0.0004972866986225344,0.4967378882023819,-0.0004972866986225344,-0.04972866986225344
Precious Achiuwa,288,144,-26.583757308383433,330.58375730838344,304,0.5392096150719179,0.5,-9.230471287633137,-0.03920961507191789,0.5392096150719179,-0.03920961507191789,-3.920961507191789
Quentin Grimes,449,197,-18.85942978113558,499.8594297811356,481,0.4549919469248313,0.43875278396436523,-4.200318436778526,-0.01623916296046607,0.4549919469248313,-0.01623916296046607,-1.623916296046607
Quinten Post,358,157,1.9665622630563582,394.03343773694365,396,0.42992040348572713,0.43854748603351956,0.5493190678928375,0.00862708254779243,0.42992040348572713,0.00862708254779243,0.8627082547792431
RJ Barrett,432,208,-3.5504197222792717,473.5504197222793,470,0.4808824972261099,0.48148148148148145,-0.8218564171942758,0.0005989842553715818,0.4808824972261099,0.0005989842553715818,0.059898425537158184
Reed Sheppard,585,249,31.974321746601476,594.0256782533985,626,0.4077935645977892,0.4256410256410256,5.4656960250600815,0.017847461043236423,0.4077935645977892,0.017847461043236423,1.7847461043236423
Ronald Holland II,351,145,-78.94519796039508,398.9451979603951,320,0.4981297436713074,0.4131054131054131,-22.49150939042595,-0.08502433056589431,0.4981297436713074,-0.08502433056589431,-8.502433056589432
Royce O'Neale,467,198,58.18559247613998,491.81440752386004,550,0.382960124540778,0.42398286937901497,12.459441643713058,0.04102274483823698,0.382960124540778,0.04102274483823698,4.102274483823698
Rudy Gobert,343,241,-2.6900995043519176,484.6900995043519,482,0.7055131348012165,0.7026239067055393,-0.7842855697819001,-0.0028892280956771543,0.7055131348012165,-0.0028892280956771543,-0.28892280956771543
Rui Hachimura,409,209,62.7889345754942,435.2110654245058,498,0.45118184802388817,0.511002444987775,15.35181774461961,0.05982059696388686,0.45118184802388817,0.05982059696388686,5.982059696388687
Russell Westbrook,683,294,-15.659183768603164,710.6591837686032,695,0.43719730002774776,0.43045387994143486,-2.292706261874548,-0.006743420086312901,0.43719730002774776,-0.006743420086312901,-0.6743420086312901
Ryan Dunn,261,115,-42.576473505388336,311.5764735053883,269,0.5098207637171028,0.44061302681992337,-16.312825097849938,-0.06920773689717946,0.5098207637171028,-0.06920773689717946,-6.920773689717946
Ryan Rollins,712,330,34.208723577727994,747.7912764222721,782,0.44926248553934595,0.46348314606741575,4.804596008107865,0.014220660528069806,0.44926248553934595,0.014220660528069806,1.4220660528069806
Saddiq Bey,624,278,-47.8579932805493,696.8579932805493,649,0.4793868993041794,0.44551282051282054,-7.669550205216234,-0.03387407879135884,0.4793868993041794,-0.03387407879135884,-3.387407879135884
Sam Hauser,391,160,38.973525473135815,413.0264745268642,452,0.37402383456797034,0.4092071611253197,9.967653573692024,0.03518332655734935,0.37402383456797034,0.03518332655734935,3.518332655734935
Sam Merrill,285,138,79.99128090926752,305.0087190907325,385,0.3883199971844792,0.4842105263157895,28.067116108514917,0.0958905291313103,0.3883199971844792,0.0958905291313103,9.58905291313103
Sandro Mamukelashvili,427,224,33.43355795959789,489.5664420404021,523,0.4895539743098395,0.5245901639344263,7.829873058453838,0.03503618962458677,0.4895539743098395,0.03503618962458677,3.5036189624586767
Santi Aldama,476,228,15.447481930364514,510.5525180696355,526,0.4592874039517236,0.4789915966386555,3.245269313101789,0.019704192686931854,0.4592874039517236,0.019704192686931854,1.9704192686931854
Scottie Barnes,806,406,-24.507365796476506,885.5073657964765,861,0.5123498184299589,0.5037220843672456,-3.040616103781204,-0.008627734062713222,0.5123498184299589,-0.008627734062713222,-0.8627734062713222
Shaedon Sharpe,847,386,-38.488142766013794,911.4881427660138,873,0.4748981953215689,0.4557260920897285,-4.54405463589301,-0.01917210323184043,0.4748981953215689,-0.01917210323184043,-1.9172103231840432
Shai Gilgeous-Alexander,964,534,190.3438289894297,964.6561710105702,1155,0.45888039698442085,0.553941908713693,19.74521047608192,0.09506151172927213,0.45888039698442085,0.09506151172927213,9.506151172927213
Sidy Cissoko,267,109,-38.64062649310183,310.6406264931018,272,0.4660343272031397,0.40823970037453183,-14.472144753970722,-0.057794626828607865,0.4660343272031397,-0.057794626828607865,-5.779462682860786
Simone Fontecchio,381,149,-26.14907348494293,419.14907348494296,393,0.4224363536719849,0.3910761154855643,-6.86327388056245,-0.031360238186420586,0.4224363536719849,-0.031360238186420586,-3.136023818642059
Sion James,251,95,-38.5351745281119,282.5351745281119,244,0.4546753968216688,0.3784860557768924,-15.352659174546574,-0.07618934104477637,0.4546753968216688,-0.07618934104477637,-7.618934104477637
Stephen Curry,744,348,118.34277635804135,752.6572236419587,871,0.4011723026236735,0.46774193548387094,15.906287144898032,0.06656963286019746,0.4011723026236735,0.06656963286019746,6.656963286019746
Stephon Castle,537,249,-53.242969256303475,597.2429692563035,544,0.5022740475328223,0.46368715083798884,-9.914891854060237,-0.038586896694833506,0.5022740475328223,-0.038586896694833506,-3.8586896694833506
Svi Mykhailiuk,316,151,33.71558399543435,349.2844160045656,383,0.4323520466698093,0.4778481012658228,10.66948860615011,0.04549605459601347,0.4323520466698093,0.04549605459601347,4.549605459601347
T.J. McConnell,330,178,53.29944349840558,314.7005565015944,368,0.4559072343172184,0.5393939393939394,16.151346514668358,0.08348670507672101,0.4559072343172184,0.08348670507672101,8.348670507672102
Tari Eason,317,143,6.247887283367234,348.7521127166328,355,0.4626183124940059,0.45110410094637227,1.97094236068367,-0.011514211547633657,0.4626183124940059,-0.011514211547633657,-1.1514211547633657
Terance Mann,284,128,-19.15987098492042,314.1598709849204,295,0.4785915354053559,0.4507042253521127,-6.746433445394515,-0.027887310053243186,0.4785915354053559,-0.027887310053243186,-2.7887310053243186
Tim Hardaway Jr.,543,246,72.6640381414788,574.3359618585212,647,0.40282841727434143,0.4530386740331492,13.381959142077127,0.05021025675880775,0.40282841727434143,0.05021025675880775,5.021025675880775
Tobias Harris,393,179,-7.171994256287704,417.1719942562877,410,0.46140446133494223,0.455470737913486,-1.824934925264047,-0.005933723421456205,0.46140446133494223,-0.005933723421456205,-0.5933723421456205
Toumani Camara,592,261,1.8380704584379672,666.161929541562,668,0.4392917799407543,0.4408783783783784,0.3104848747361431,0.0015865984376240982,0.4392917799407543,0.0015865984376240982,0.15865984376240982
Tre Johnson,423,186,35.84295214476172,421.15704785523826,457,0.40587708262216826,0.4397163120567376,8.47351114533374,0.03383922943456935,0.40587708262216826,0.03383922943456935,3.383922943456935
Tre Jones,302,166,22.94094568842817,330.05905431157186,353,0.5073957710183749,0.5496688741721855,7.596339631929857,0.04227310315381061,0.5073957710183749,0.04227310315381061,4.227310315381061
Trey Murphy III,848,404,33.58644404801314,942.4135559519868,976,0.46324682019079777,0.47641509433962265,3.9606655716996633,0.013168274148824877,0.46324682019079777,0.013168274148824877,1.3168274148824877
Tristan da Silva,363,155,-20.34487242092962,399.3448724209296,379,0.453614801135633,0.42699724517906334,-5.60464804984287,-0.026617555956569672,0.453614801135633,-0.026617555956569672,-2.661755595656967
Tyrese Martin,255,100,-19.487630050103174,270.4876300501032,251,0.42404991440683254,0.39215686274509803,-7.642207862785559,-0.031893051661734506,0.42404991440683254,-0.031893051661734506,-3.1893051661734506
Tyrese Maxey,1117,524,55.99245289039837,1166.0075471096015,1222,0.4498968291891725,0.4691136974037601,5.0127531683436315,0.019216868214587568,0.4498968291891725,0.019216868214587568,1.9216868214587568
VJ Edgecombe,653,276,-62.419645636739105,714.4196456367391,652,0.4689381086392701,0.4226646248085758,-9.558904385411807,-0.046273483830694295,0.4689381086392701,-0.046273483830694295,-4.62734838306943
Victor Wembanyama,654,334,-3.1583350842548352,744.1583350842549,741,0.5137346331180875,0.5107033639143731,-0.4829258538615956,-0.0030312692037144373,0.5137346331180875,-0.0030312692037144373,-0.30312692037144373
Vince Williams Jr.,281,101,-43.613395713624385,298.6133957136244,255,0.4211439840921089,0.3594306049822064,-15.520781392748892,-0.06171337910990249,0.4211439840921089,-0.06171337910990249,-6.171337910990249
Vít Krejčí,356,165,56.864807258102154,385.13519274189787,442,0.40135340821819493,0.46348314606741575,15.973260465759031,0.06212973784922082,0.40135340821819493,0.06212973784922082,6.212973784922083
Walter Clayton Jr.,275,110,-19.8085298919053,284.8085298919053,265,0.4192140071727549,0.4,-7.203101778874656,-0.0192140071727549,0.4192140071727549,-0.0192140071727549,-1.9214007172754899
Wendell Carter Jr.,427,210,-24.893325958031383,501.89332595803137,477,0.5127096645872276,0.4918032786885246,-5.829818725534282,-0.020906385898702973,0.5127096645872276,-0.020906385898702973,-2.0906385898702973
Will Riley,274,113,-25.854359266612303,287.8543592666123,262,0.4540550573443359,0.4124087591240876,-9.435897542559236,-0.04164629822024829,0.4540550573443359,-0.04164629822024829,-4.164629822024829
Zaccharie Risacher,383,172,-30.621741862616595,438.6217418626166,408,0.4851927670667812,0.4490861618798956,-7.995232862301983,-0.03610660518688563,0.4851927670667812,-0.03610660518688563,-3.6106605186885634
Zach LaVine,547,262,48.3765791332329,574.6234208667671,623,0.4422071723479919,0.4789762340036563,8.843981560006014,0.0367690616556644,0.4422071723479919,0.0367690616556644,3.6769061655664403
Ziaire Williams,288,120,-27.974325909605042,330.97432590960506,303,0.44977252957433994,0.4166666666666667,-9.71330760750175,-0.033105862907673256,0.44977252957433994,-0.033105862907673256,-3.3105862907673256
Zion Williamson,548,320,6.3615282123138,633.6384717876862,640,0.5771823404520395,0.583941605839416,1.1608628124660219,0.0067592653873764785,0.5771823404520395,0.0067592653873764785,0.6759265387376479
