player,attempts,mean_sdi,actual_fg,predicted_fg,avg_points_per_shot,avg_shot_value_added,avg_points_over_expected,above_expected_fg
Tyrese Maxey,1117,0.46865171486319934,0.4691136974037601,0.45069556827674156,1.0940017905102954,0.018418129127018536,0.04310988853342094,0.018418129127018512
Jaylen Brown,1105,0.46774985303274264,0.4832579185520362,0.4508737745402163,1.0588235294117647,0.03238414401181988,0.06012162303932667,0.03238414401181988
Donovan Mitchell,1060,0.4847885850972637,0.4867924528301887,0.43880239057371895,1.1481132075471698,0.0479900622564697,0.10448344656367257,0.047990062256469734
Jalen Brunson,1024,0.5005278549099161,0.4697265625,0.42652093126318197,1.08203125,0.043205631236818025,0.09487426828183658,0.04320563123681803
Shai Gilgeous-Alexander,964,0.4892688673479277,0.553941908713693,0.4350652180033241,1.1981327800829875,0.11887669071036885,0.24892758717561567,0.11887669071036888
Pascal Siakam,947,0.4304713438185786,0.4804646251319958,0.47903523171871354,1.0591341077085534,0.0014293934132822198,-0.0026715222324145554,0.0014293934132822428
Anthony Edwards,940,0.49793190745041593,0.4925531914893617,0.42887978978488656,1.15,0.06367340170447512,0.14892631705226525,0.06367340170447516
Jamal Murray,937,0.498367088804814,0.48452508004268946,0.4283091243766184,1.1376734258271077,0.05621595566607101,0.13921521407608967,0.05621595566607107
Luka Dončić,923,0.5209245558149119,0.4734561213434453,0.41147156548239355,1.1083423618634887,0.061984555861051706,0.12506392546065417,0.06198455586105173
Brandon Ingram,908,0.4825623395118536,0.473568281938326,0.4395567483807583,1.052863436123348,0.034011533557567676,0.06414468305236962,0.0340115335575677
Cade Cunningham,901,0.4456744219487948,0.46170921198668147,0.46794917313703643,1.02330743618202,-0.006239961150354923,-0.024714866876779384,-0.006239961150354967
Kevin Durant,894,0.4967730992634389,0.5055928411633109,0.4285212062357189,1.1409395973154361,0.07707163492759207,0.16129633201453367,0.07707163492759206
Julius Randle,891,0.42451237536366815,0.49158249158249157,0.4836497244885663,1.0808080808080809,0.007932767093925297,-0.003349057499112371,0.007932767093925264
Dillon Brooks,864,0.5037321964382692,0.4409722222222222,0.42370755041569086,1.0162037037037037,0.017264671806531368,0.026802008236784605,0.01726467180653135
Jalen Johnson,861,0.40763689403446296,0.5017421602787456,0.49649656658413155,1.099883855981417,0.00524559369461407,0.0009381955408914537,0.005245593694614081
Nickeil Alexander-Walker,850,0.4768324734173408,0.4329411764705882,0.4442559341967663,1.0588235294117647,-0.011314757726178045,-0.0224009378603162,-0.01131475772617807
Trey Murphy III,848,0.4624464089453739,0.47641509433962265,0.4551728939722995,1.150943396226415,0.021242200367323157,0.046600645378341035,0.02124220036732316
Shaedon Sharpe,847,0.45435422031317657,0.4557260920897285,0.46141900614028025,1.0306965761511215,-0.005692914050551771,-0.01914792324928533,-0.005692914050551778
Kawhi Leonard,808,0.4567659088469948,0.49133663366336633,0.4589797183535312,1.118811881188119,0.03235691530983513,0.06447533298743884,0.032356915309835144
Scottie Barnes,806,0.39210628698733613,0.5037220843672456,0.5080694493195578,1.0682382133995036,-0.0043473649523121174,-0.028664752959459604,-0.004347364952312138
James Harden,804,0.5145957046434219,0.42039800995024873,0.416714555859527,1.0186567164179106,0.003683454090721778,0.01340816431565765,0.0036834540907217383
Desmond Bane,797,0.44077657110923996,0.47176913425345046,0.47166382520687217,1.0715181932245923,0.00010530904657824429,-0.0004461969928434829,0.00010530904657829465
Derrick White,796,0.5128264515683679,0.38944723618090454,0.416929054907624,0.9660804020100503,-0.02748181872671947,-0.08035551470946857,-0.027481818726719454
Cooper Flagg,790,0.42695411315102166,0.48227848101265824,0.48188591133540354,1.030379746835443,0.00039256967725470436,-0.014435614135874499,0.00039256967725470604
Devin Booker,782,0.5006776755746232,0.45524296675191817,0.42628711571514283,1.0051150895140666,0.02895585103677532,0.045695772854216964,0.028955851036775337
Keyonte George,782,0.48866143460785216,0.4578005115089514,0.4352133705798052,1.0690537084398977,0.022587140929146217,0.04900491926813317,0.02258714092914621
Lauri Markkanen,782,0.42051058296881383,0.4782608695652174,0.4865260671418545,1.10230179028133,-0.008265197576637082,-0.02912543514362471,-0.008265197576637073
CJ McCollum,778,0.5066397289979413,0.455012853470437,0.42189689355705484,1.0796915167095116,0.03311595991338216,0.0743080734163233,0.033115959913382176
Miles Bridges,767,0.440182695447996,0.4485006518904824,0.4719597011933832,1.0430247718383312,-0.023459049302900804,-0.06935274958624242,-0.023459049302900825
Deni Avdija,765,0.4318609865272581,0.4627450980392157,0.47845045659612945,1.0588235294117647,-0.015705358556913736,-0.04329385678283222,-0.01570535855691374
LaMelo Ball,764,0.4795419011710533,0.4005235602094241,0.4421922356180158,1.0039267015706805,-0.04166867540859171,-0.09002434262803832,-0.041668675408591704
Michael Porter Jr.,763,0.4625993040263257,0.4744429882044561,0.4546543374538705,1.145478374836173,0.019788650750585612,0.036435049931798545,0.019788650750585557
DeMar DeRozan,749,0.4885911489500109,0.4939919893190921,0.4349508017206904,1.0427236315086783,0.05904118759840174,0.11121576213297855,0.05904118759840171
Payton Pritchard,744,0.5116660443461591,0.46236559139784944,0.4176665157330025,1.10752688172043,0.04469907566484697,0.08184037019315284,0.04469907566484693
Stephen Curry,744,0.5049177612039404,0.46774193548387094,0.4231794200291206,1.1706989247311828,0.04456251545475039,0.10185126555534069,0.04456251545475032
Alperen Sengun,744,0.37096333161039047,0.49731182795698925,0.5243272612594038,1.0295698924731183,-0.02701543330241452,-0.06426527025129901,-0.027015433302414515
Norman Powell,728,0.47726984754977547,0.4739010989010989,0.4440961093075298,1.1263736263736264,0.029804989593569097,0.07136875794550832,0.029804989593569087
Kon Knueppel,723,0.47786688326698196,0.48409405255878285,0.44325350245250994,1.2213001383125865,0.04084055010627291,0.10930582889878707,0.04084055010627291
Jaren Jackson Jr.,719,0.43036212220265335,0.4756606397774687,0.47929602173860414,1.0681502086230876,-0.003635381961135408,-0.020232725674476662,-0.003635381961135442
Karl-Anthony Towns,714,0.36134026577820644,0.46638655462184875,0.5313246818831866,1.0448179271708684,-0.06493812726133781,-0.15271152281498973,-0.06493812726133785
Ryan Rollins,712,0.4723262548066562,0.46348314606741575,0.4477839837432359,1.098314606741573,0.015699162324179824,0.04808677666527188,0.01569916232417984
Bam Adebayo,705,0.4172417220849277,0.4425531914893617,0.48903346476289755,0.9957446808510638,-0.04648027327353582,-0.11282685009564149,-0.04648027327353588
Amen Thompson,699,0.35825741580628706,0.5050071530758226,0.5338905680871662,1.0357653791130186,-0.028883415011343578,-0.08048361185834554,-0.028883415011343616
Mikal Bridges,694,0.46123375431408264,0.5043227665706052,0.45564227886179326,1.1786743515850144,0.04868048770881196,0.09992831907141213,0.04868048770881189
Immanuel Quickley,694,0.4687013471992708,0.4452449567723343,0.4500761640431502,1.0907780979827089,-0.004831207270815875,-0.015447656031655639,-0.004831207270815929
Nikola Vučević,693,0.3962721246485172,0.5036075036075036,0.5046472527490888,1.1327561327561328,-0.0010397491415852875,-0.01562769789069612,-0.0010397491415852222
Russell Westbrook,683,0.46200252872436676,0.43045387994143486,0.45505054591596683,1.0175695461200585,-0.02459666597453201,-0.06693745133516874,-0.024596665974531973
De'Aaron Fox,674,0.4706417425975064,0.4836795252225519,0.44946990354361005,1.1008902077151335,0.03420962167894187,0.06544377424312338,0.03420962167894187
Paolo Banchero,670,0.4304117788180513,0.4537313432835821,0.47952298815034294,0.9805970149253731,-0.025791644866760836,-0.06691148104429172,-0.025791644866760832
Nikola Jokić,666,0.4107048531454552,0.5900900900900901,0.4941822346180784,1.2942942942942943,0.09590785547201167,0.19998939144042696,0.09590785547201164
Anthony Black,665,0.43180526554027443,0.46015037593984964,0.47836756495789123,1.0541353383458647,-0.018217189018041587,-0.04519887671787142,-0.01821718901804159
Jeremiah Fears,658,0.4185312467113725,0.42857142857142855,0.48851116377720905,0.9468085106382979,-0.05993973520578049,-0.13508968580537956,-0.0599397352057805
Victor Wembanyama,654,0.41252541947787985,0.5107033639143731,0.4923451281621142,1.1330275229357798,0.01835823575225891,0.028502995218541,0.018358235752258922
VJ Edgecombe,653,0.44055031930288424,0.4226646248085758,0.4714005591669701,0.998468606431853,-0.04873593435839427,-0.11010613897223279,-0.048735934358394295
Andrew Wiggins,648,0.43126866932389907,0.470679012345679,0.47865710771502823,1.0925925925925926,-0.007978095369349193,-0.011805549972483297,-0.007978095369349236
Jabari Smith Jr.,648,0.46984718515018553,0.4367283950617284,0.4489266639325597,1.0509259259259258,-0.012198268870831282,-0.03885721262765995,-0.012198268870831308
Brandon Miller,636,0.468027823999913,0.42452830188679247,0.4505372334412495,1.0267295597484276,-0.026008931554457028,-0.063963999086441,-0.02600893155445705
Naz Reid,635,0.4738677016262716,0.4692913385826772,0.446333589262779,1.1511811023622047,0.0229577493198982,0.05324604089717691,0.02295774931989819
Matas Buzelis,631,0.40655201708966343,0.47385103011093505,0.4970493342916758,1.126782884310618,-0.023198304180740804,-0.05623569402644155,-0.02319830418074076
Anfernee Simons,624,0.5261467473333308,0.4423076923076923,0.4069533416376729,1.1121794871794872,0.035354350670019456,0.08367972525262403,0.03535435067001941
Saddiq Bey,624,0.4371727096316738,0.44551282051282054,0.47410028876690147,1.0400641025641026,-0.02858746825408096,-0.06774186197226534,-0.028587468254080928
Jaime Jaquez Jr.,622,0.4066184452253162,0.5048231511254019,0.49730182502012577,1.0530546623794212,0.007521326105276201,-0.0036491807928110695,0.007521326105276116
Onyeka Okongwu,620,0.3945541518983012,0.4838709677419355,0.506143662270294,1.1338709677419354,-0.022272694528358384,-0.05841174913903615,-0.02227269452835845
Andrew Nembhard,594,0.4859630054817925,0.44107744107744107,0.43714697268117586,1.0218855218855218,0.003930468396265213,0.0033288233670621713,0.003930468396265208
Toumani Camara,592,0.47328551818747516,0.4408783783783784,0.4464806482651177,1.1283783783783783,-0.005602269886739315,-0.021548859456667572,-0.005602269886739286
Jaden McDaniels,590,0.418009228400856,0.5186440677966102,0.4886448432654449,1.1779661016949152,0.029999224531165276,0.08462939190494223,0.029999224531165325
LeBron James,588,0.41673769176283,0.5017006802721088,0.48976959106688817,1.0901360544217686,0.011931089205220641,0.0037328084319888585,0.011931089205220624
Donte DiVincenzo,588,0.48353122503839674,0.41156462585034015,0.43827224617729443,1.1139455782312926,-0.026707620326954302,-0.0640263376133049,-0.026707620326954284
Reed Sheppard,585,0.5074409319806621,0.4256410256410256,0.4209412464781593,1.07008547008547,0.004699779162866343,0.01775328786694967,0.0046997791628663466
Collin Gillespie,576,0.52947161903464,0.4340277777777778,0.40435923891081094,1.1510416666666667,0.029668538866966836,0.09468513254366695,0.029668538866966854
Alex Sarr,575,0.3643159869472757,0.4956521739130435,0.528994206638726,1.0608695652173914,-0.0333420327256825,-0.081723714452643,-0.03334203272568248
Chet Holmgren,568,0.3684441685325881,0.5598591549295775,0.5258202495917437,1.227112676056338,0.034038905337833825,0.04644469107067972,0.034038905337833825
Evan Mobley,568,0.3666371150257417,0.5123239436619719,0.527265682833499,1.1091549295774648,-0.014941739171527097,-0.05846079436311423,-0.01494173917152708
Joel Embiid,563,0.4183064547795301,0.4937833037300178,0.4881293540131525,1.0568383658969804,0.005653949716865284,-0.01007346109939057,0.005653949716865281
Bobby Portis,559,0.4720221367170756,0.48300536672629696,0.4476094356879446,1.1395348837209303,0.03539593103835237,0.09131761109795777,0.03539593103835237
Naji Marshall,552,0.4255536640818442,0.532608695652174,0.4834250537861454,1.1521739130434783,0.049183641866028485,0.08062160144888755,0.04918364186602853
Dyson Daniels,550,0.328994537911822,0.49818181818181817,0.5564121525759332,1.0145454545454546,-0.05823033439411507,-0.15326061287581427,-0.05823033439411507
Zion Williamson,548,0.3150292900417618,0.583941605839416,0.5668710439486331,1.167883211678832,0.017070561890782973,0.032401589306929886,0.01707056189078293
Zach LaVine,547,0.4916608218734626,0.4789762340036563,0.43317861078971476,1.1389396709323583,0.045797623213941555,0.10520913021450651,0.04579762321394154
Tim Hardaway Jr.,543,0.516486421160364,0.4530386740331492,0.4139911854132358,1.1915285451197053,0.03904748861991333,0.09773916726152157,0.03904748861991336
Stephon Castle,537,0.3997835244678614,0.46368715083798884,0.5023141144031065,1.0130353817504656,-0.03862696356511769,-0.10772661195674982,-0.038626963565117634
Peyton Watson,532,0.4235850910918484,0.49624060150375937,0.48421676964360916,1.1334586466165413,0.012023831860150191,0.03779526625173713,0.012023831860150214
Kyshawn George,528,0.48588504939882543,0.4412878787878788,0.43755752918639235,1.053030303030303,0.0037303496014864566,0.014000215128032768,0.003730349601486438
Jerami Grant,527,0.46186097250643193,0.43833017077798864,0.45547779778455494,1.0512333965844403,-0.017147627006566288,-0.0366536117050919,-0.0171476270065663
Derik Queen,527,0.3648114823891032,0.49146110056925996,0.529039831571002,1.0113851992409868,-0.03757873100174209,-0.08595110828734298,-0.03757873100174203
Jaylen Wells,523,0.48445497027321693,0.4149139579349904,0.4382550181960565,1.0038240917782026,-0.02334106026106609,-0.06698826227169047,-0.023341060261066082
Brandin Podziemski,522,0.48844724215932295,0.4482758620689655,0.4357190578578476,1.0708812260536398,0.012556804211117933,0.027271992458472925,0.012556804211117933
Ayo Dosunmu,518,0.4205651949099936,0.5173745173745173,0.48695343284788156,1.2123552123552124,0.030421084526635816,0.08900126000928946,0.030421084526635778
Ace Bailey,518,0.4469316617961419,0.4498069498069498,0.4662334617021948,1.0405405405405406,-0.01642651189524498,-0.054578673122101955,-0.016426511895245022
Klay Thompson,516,0.5395262320681903,0.3875968992248062,0.3967685952060208,1.0465116279069768,-0.009171695981214594,-0.016859791084193616,-0.00917169598121459
Brice Sensabaugh,513,0.502932837478809,0.4502923976608187,0.4245814118959026,1.087719298245614,0.025710985764916098,0.0418166030560828,0.025710985764916094
Jaylon Tyson,512,0.4140269578446631,0.513671875,0.4913962479418289,1.23046875,0.022275627058171106,0.08339116739803558,0.0222756270581711
Keldon Johnson,505,0.42320296880196995,0.5485148514851486,0.48479058542462494,1.2257425742574257,0.06372426606052357,0.13287093828681298,0.06372426606052362
Kyle Kuzma,505,0.4083194945050149,0.48118811881188117,0.4962212560246267,1.0594059405940595,-0.015033137212745521,-0.045335646451664595,-0.015033137212745518
De'Andre Hunter,501,0.4872957603461365,0.4151696606786427,0.4362244258736567,0.9800399201596807,-0.021054765195013984,-0.07434043299521276,-0.02105476519501398
OG Anunoby,499,0.42584382138252036,0.4789579158316633,0.48266993414635906,1.128256513026052,-0.0037120183146957136,-0.011989049706551843,-0.003712018314695753
Cedric Coward,498,0.42977764205765673,0.4678714859437751,0.47966420910526153,1.0783132530120483,-0.011792723161486414,-0.04090498051049493,-0.01179272316148644
Devin Vassell,490,0.5075743471436764,0.42244897959183675,0.420144607739639,1.0408163265306123,0.0023043718521976965,-0.013174417499071256,0.0023043718521977286
John Collins,488,0.4031661346561915,0.5655737704918032,0.49955880222974625,1.276639344262295,0.06601496826205701,0.14805336366126765,0.066014968262057
Giannis Antetokounmpo,487,0.31905505654649446,0.6447638603696099,0.5635022341966375,1.320328542094456,0.0812616261729724,0.1628283161196209,0.08126162617297239
Max Christie,486,0.4902029234704475,0.4670781893004115,0.4340216922915402,1.1872427983539096,0.03305649700887136,0.09734694483701022,0.03305649700887131
Caleb Love,485,0.5166041523740876,0.38969072164948454,0.4144474607276467,0.9711340206185567,-0.024756739078162147,-0.07334964972215448,-0.02475673907816217
Myles Turner,483,0.44733667012671424,0.4409937888198758,0.46585317262750064,1.1055900621118013,-0.024859383807624865,-0.05900399066366825,-0.02485938380762487
Jarace Walker,483,0.4671633953529783,0.40372670807453415,0.451383022732443,0.9855072463768116,-0.047656314657908865,-0.1020342843090919,-0.04765631465790887
Jalen Duren,480,0.28933754772430614,0.63125,0.5861800556190028,1.2625,0.04506994438099722,0.09013988876199444,0.04506994438099721
Duncan Robinson,478,0.5152262898780315,0.44142259414225943,0.41469419287835824,1.1945606694560669,0.026728401263901223,0.07014295314298587,0.02672840126390119
Noah Clowney,477,0.4702787551162487,0.3920335429769392,0.44859288642109485,0.989517819706499,-0.056559343444155676,-0.16023421372501007,-0.05655934344415564
Santi Aldama,476,0.4474523063866632,0.4789915966386555,0.466163948606985,1.1050420168067228,0.012827648031670405,0.013955128870208626,0.012827648031670469
Grayson Allen,471,0.5092710756958643,0.4182590233545648,0.4201890477818314,1.0849256900212314,-0.0019300244272666604,-0.0023666253658941117,-0.0019300244272666411
Josh Giddey,470,0.4146420663567357,0.46170212765957447,0.4911990211758334,1.048936170212766,-0.02949689351625892,-0.0661544808851761,-0.02949689351625895
Moses Moody,469,0.4831175611630028,0.43710021321961623,0.43876558808982974,1.1449893390191899,-0.0016653748702135348,0.002667574650713219,-0.0016653748702135096
Royce O'Neale,467,0.5145534141718515,0.42398286937901497,0.41516836872276836,1.177730192719486,0.008814500656246666,0.03603830914727479,0.008814500656246615
Bub Carrington,465,0.5419758853065353,0.4021505376344086,0.39525547643619835,1.0408602150537634,0.006895061198210244,0.03311523695008819,0.006895061198210262
P.J. Washington,465,0.4054934676474759,0.44731182795698926,0.4981225021013898,0.9978494623655914,-0.05081067414440054,-0.12858412918695686,-0.05081067414440055
Jimmy Butler III,462,0.3964448703768804,0.5194805194805194,0.5052144138149627,1.1082251082251082,0.014266105665556791,0.03158255594205481,0.01426610566555675
Collin Sexton,459,0.4391378637266809,0.48148148148148145,0.47278525429090673,1.093681917211329,0.008696227190574743,0.017302670414367803,0.008696227190574723
Dennis Schröder,457,0.49284973603458226,0.40043763676148797,0.4320570766287219,0.9299781181619255,-0.03161943986723396,-0.07961127802147827,-0.03161943986723392
Ajay Mitchell,456,0.43539586851068135,0.4868421052631579,0.4757058203573042,1.0789473684210527,0.011136284905853732,0.01582193547431318,0.011136284905853722
Julian Champagnie,455,0.4903237535130261,0.421978021978022,0.43328362570717227,1.1274725274725275,-0.011305603729150286,-0.04009408260369372,-0.011305603729150293
Quentin Grimes,449,0.47855854238042067,0.43875278396436523,0.44340870969326124,1.0712694877505569,-0.004655925728895988,-0.02242601061670152,-0.004655925728896004
Kel'el Ware,444,0.35768311229652977,0.5315315315315315,0.5336084909296431,1.1981981981981982,-0.0020769593981116376,0.0008049514789777411,-0.0020769593981115886
Brandon Williams,444,0.43056726804609563,0.46621621621621623,0.47928342604459245,0.9887387387387387,-0.013067209828376258,-0.06291891473912228,-0.013067209828376225
Donovan Clingan,443,0.31888094547866735,0.5259593679458239,0.5628249443385414,1.1670428893905191,-0.03686557639271748,-0.11539925085900647,-0.03686557639271748
Harrison Barnes,439,0.4705180019613789,0.44419134396355353,0.44834058248148395,1.1207289293849658,-0.004149238517930405,-0.01832440329597449,-0.00414923851793042
Malik Monk,436,0.4965836184762862,0.43577981651376146,0.42966559275054594,1.0756880733944953,0.006114223763215535,0.046267512903200594,0.0061142237632155205
Nic Claxton,434,0.2995819191553606,0.5898617511520737,0.5781851695843576,1.1866359447004609,0.011676581567716105,0.016887246573355545,0.011676581567716116
Austin Reaves,433,0.45876267595281617,0.5080831408775982,0.45818238969064806,1.1778290993071594,0.049900751186950115,0.0953373147374648,0.04990075118695014
RJ Barrett,432,0.38665642569030206,0.48148148148148145,0.512214158918285,1.087962962962963,-0.030732677436803583,-0.08300973517103859,-0.03073267743680358
Ivica Zubac,429,0.28097784256370917,0.6130536130536131,0.5924458562121314,1.2261072261072261,0.02060775684148171,0.04121551368296342,0.02060775684148164
Franz Wagner,428,0.40929877498467826,0.47897196261682246,0.49571525554636353,1.0560747663551402,-0.016743292929541156,-0.03414263120676591,-0.016743292929541076
Sandro Mamukelashvili,427,0.42048298759196123,0.5245901639344263,0.48661393470686404,1.224824355971897,0.03797622922756223,0.07391535122129408,0.03797622922756222
Wendell Carter Jr.,427,0.3885843000688267,0.4918032786885246,0.5104566821551862,1.117096018735363,-0.01865340346666163,-0.06607980746970175,-0.018653403466661667
Jordan Goodwin,427,0.47233659625935026,0.405152224824356,0.44780538859551916,0.9976580796252927,-0.04265316377116321,-0.09220542455158715,-0.04265316377116318
Tre Johnson,423,0.5000327214735791,0.4397163120567376,0.4265493343076244,1.0803782505910164,0.013166977749113183,0.0352790774227312,0.01316697774911324
Kevin Huerter,423,0.464276826978806,0.45390070921985815,0.4537161476013819,1.0756501182033098,0.00018456161847622935,-0.03620243115023001,0.0001845616184762422
Jock Landale,417,0.37523721898513407,0.5275779376498801,0.520331630662327,1.1918465227817745,0.007246306987553063,0.010302818422798487,0.0072463069875531305
Deandre Ayton,412,0.26907144782904774,0.6747572815533981,0.6012940596042087,1.3495145631067962,0.07346322194918939,0.14692644389837878,0.07346322194918942
Rui Hachimura,409,0.4809752070409818,0.511002444987775,0.44078136503263593,1.21760391198044,0.07022107995513913,0.17136848157935097,0.0702210799551391
Cam Spencer,407,0.5274630490198716,0.47665847665847666,0.4058863279512751,1.2235872235872236,0.0707721487072015,0.19165346008005144,0.07077214870720155
Egor Dëmin,406,0.5171263769949608,0.4064039408866995,0.4135472154507445,1.0985221674876848,-0.007143274564045052,0.0007142589501144711,-0.00714327456404501
Kyle Filipowski,405,0.4051122153478476,0.48641975308641977,0.4985084151868847,1.0864197530864197,-0.012088662100465003,-0.04051070783248274,-0.012088662100464942
Dylan Harper,405,0.4194392817468536,0.4666666666666667,0.4877999696132777,1.0,-0.021133302946611025,-0.07397936136047904,-0.021133302946611032
Ausar Thompson,403,0.3284947545525613,0.511166253101737,0.5564985329800922,1.0372208436724566,-0.045332279878355274,-0.09305457403590248,-0.0453322798783552
Jordan Clarkson,401,0.4724364205316499,0.4314214463840399,0.44760687418043954,1.0174563591022443,-0.016185427796399632,-0.048925367561367644,-0.016185427796399643
Jarrett Allen,398,0.29603703361681327,0.6231155778894473,0.5811201899990479,1.2487437185929648,0.041995387890399326,0.07771504321394507,0.04199538789039936
Josh Hart,394,0.4474104993175731,0.49746192893401014,0.4664423918012447,1.16751269035533,0.031019537132765444,0.07484459677553276,0.03101953713276545
Tobias Harris,393,0.45550775799414245,0.455470737913486,0.45993190071259127,1.0432569974554708,-0.004461162799105252,-0.021845367503161024,-0.004461162799105245
Coby White,393,0.476353597292963,0.43765903307888043,0.44473256942988654,1.0585241730279897,-0.007073536351006138,-0.029433197031017315,-0.0070735363510061045
AJ Green,391,0.54862214274247,0.4398976982097187,0.3894207880481392,1.2659846547314577,0.05047691016157946,0.14778156886232857,0.050476910161579513
Sam Hauser,391,0.5320166945489168,0.4092071611253197,0.4013774698747764,1.156010230179028,0.007829691250543332,0.020273743963420472,0.00782969125054328
Jake LaRavia,389,0.4347612415403919,0.4652956298200514,0.4758107115420631,1.0874035989717223,-0.010515081722011679,-0.04416259879832369,-0.01051508172201171
Cason Wallace,384,0.44011872213993053,0.4244791666666667,0.4717655292105547,1.0338541666666667,-0.04728636254388802,-0.11735633889540886,-0.047286362543888016
Zaccharie Risacher,383,0.4288870449920856,0.4490861618798956,0.47988267752717845,1.0652741514360313,-0.03079651564728292,-0.07855830886075323,-0.030796515647282863
Kevin Porter Jr.,382,0.4633074813724133,0.4476439790575916,0.4550261158101974,1.0,-0.00738213675260578,-0.024079154461983967,-0.007382136752605795
Bennedict Mathurin,381,0.47403431475467916,0.4251968503937008,0.44629644954995495,1.005249343832021,-0.021099599156254176,-0.04187139035786468,-0.021099599156254145
Simone Fontecchio,381,0.4885229894704737,0.3910761154855643,0.43524274596447976,1.031496062992126,-0.04416663047891546,-0.103096519244022,-0.04416663047891545
Darius Garland,377,0.4828736079582034,0.4509283819628647,0.4400192493146367,1.0583554376657824,0.010909132648228006,0.02065462459118471,0.010909132648228015
Jay Huff,375,0.4118859134438363,0.4693333333333333,0.4923457537877338,1.1386666666666667,-0.0230124204544005,-0.1122567705663328,-0.023012420454400495
Jalen Suggs,370,0.4781124781386903,0.44324324324324327,0.44294261261244233,1.0594594594594595,0.0003006306308009431,-0.02980076581361256,0.00030063063080093544
Aaron Nesmith,370,0.4859127792412781,0.3891891891891892,0.4373578069486587,0.9837837837837838,-0.048168617759469505,-0.09899088041059001,-0.04816861775946951
Mark Williams,367,0.25371893329183054,0.6648501362397821,0.6130819660278827,1.332425068119891,0.051768170211899334,0.10504061425004296,0.05176817021189939
Kentavious Caldwell-Pope,366,0.5042152604307333,0.4098360655737705,0.42318907053610205,0.9699453551912568,-0.01335300496233157,-0.05305345588386122,-0.01335300496233155
Isaiah Collier,365,0.41274371554704864,0.5095890410958904,0.4930296758731025,1.0794520547945206,0.016559365222787982,0.01688317515921833,0.016559365222787947
Jalen Williams,365,0.4135255773273596,0.4794520547945205,0.49198078902165454,1.0136986301369864,-0.012528734227133981,-0.03619009729345769,-0.01252873422713402
Aaron Wiggins,363,0.4601711339243719,0.44352617079889806,0.45666510442538766,1.09366391184573,-0.01313893362648959,-0.01908575636611266,-0.013138933626489602
Tristan da Silva,363,0.4601393869972652,0.42699724517906334,0.45666508938837264,1.044077134986226,-0.02966784420930926,-0.06505859334933775,-0.02966784420930929
Miles McBride,362,0.5323672750958257,0.43370165745856354,0.40180973167028866,1.149171270718232,0.03189192578827492,0.09611882955756323,0.03189192578827488
Maxime Raynaud,362,0.3484812941714507,0.5524861878453039,0.5417237403959155,1.1353591160220995,0.010762447449388311,0.007742904908603832,0.010762447449388368
Quinten Post,358,0.4534495027658284,0.43854748603351956,0.46141807048131267,1.106145251396648,-0.02287058444779313,-0.08074126512167648,-0.022870584447793108
Jusuf Nurkić,358,0.33062434647720057,0.5027932960893855,0.5548031695477346,1.0754189944134078,-0.052009873458349044,-0.118426676869365,-0.052009873458349065
Vít Krejčí,356,0.5236216957651297,0.46348314606741575,0.4086674990062219,1.2415730337078652,0.054815647061193865,0.13815573923210667,0.05481564706119385
Paul George,354,0.4866343411058015,0.423728813559322,0.436283818168572,1.0338983050847457,-0.01255500460924994,-0.028564714942725868,-0.012555004609249965
Marcus Smart,351,0.45755255801488703,0.4017094017094017,0.45816162257983056,1.0,-0.05645222087042885,-0.154983614956938,-0.05645222087042884
Ronald Holland II,351,0.42082085114344125,0.4131054131054131,0.4863036728523471,0.9116809116809117,-0.073198259746934,-0.2028503264018844,-0.073198259746934
Jamal Shead,350,0.48700903631865733,0.3628571428571429,0.4367179840607753,0.9,-0.07386084120363241,-0.16995408085033623,-0.0738608412036324
Davion Mitchell,348,0.440269402318351,0.46839080459770116,0.4718591837305448,1.0948275862068966,-0.0034683791328436447,-0.0023752482365506766,-0.0034683791328436464
Isaiah Joe,347,0.5367861026134186,0.4409221902017291,0.39863042134066384,1.2103746397694524,0.042291768861065254,0.11748470163462404,0.04229176886106528
Luguentz Dort,347,0.4900783538412555,0.3976945244956772,0.4332800413212386,1.043227665706052,-0.03558551682556135,-0.10532724654839906,-0.03558551682556138
Jrue Holiday,346,0.47461198675918576,0.45375722543352603,0.4460304227671297,1.092485549132948,0.007726802666396349,0.017661065487195923,0.00772680266639636
Gary Trent Jr.,346,0.5464817260127841,0.38439306358381503,0.39158378653867315,1.0346820809248556,-0.007190722954858128,-0.014580055366356296,-0.00719072295485812
Cam Thomas,346,0.5040340099538871,0.407514450867052,0.42403421895146265,0.9393063583815029,-0.01651976808441061,-0.04185317497328576,-0.016519768084410635
Bruce Brown,344,0.38546454950506615,0.4622093023255814,0.5136264796543026,1.0145348837209303,-0.05141717732872131,-0.10924525272302729,-0.05141717732872125
Rudy Gobert,343,0.21752589169241554,0.7026239067055393,0.6396321593381408,1.4052478134110786,0.06299174736739861,0.12431507630971297,0.06299174736739854
Draymond Green,343,0.41850147708730856,0.41690962099125367,0.48754537792994185,1.0379008746355685,-0.07063575693868822,-0.20394680918917663,-0.07063575693868818
Kelly Oubre Jr.,341,0.43693797832915604,0.46920821114369504,0.47428895089484596,1.1085043988269794,-0.005080739751150909,-0.01647703802519879,-0.00508073975115092
Isaiah Stewart,339,0.35875350298949343,0.5398230088495575,0.5332337202694112,1.1799410029498525,0.00658928858014636,-0.007999724641706686,0.006589288580146291
Jordan Poole,338,0.5100793548025211,0.3698224852071006,0.4196138616108647,0.9497041420118343,-0.04979137640376416,-0.113530058334934,-0.04979137640376413
Kris Dunn,337,0.4316288204185131,0.47774480712166173,0.47806801746173344,1.1275964391691395,-0.0003232103400716923,-0.011404855211950275,-0.00032321034007171123
Anthony Davis,334,0.3620117454757258,0.5059880239520959,0.5306352948544127,1.0419161676646707,-0.024647270902316883,-0.06387040089859862,-0.024647270902316887
Pelle Larsson,333,0.40190579440724955,0.4954954954954955,0.5006203535218442,1.117117117117117,-0.005124858026348697,-0.03275977608430839,-0.005124858026348711
T.J. McConnell,330,0.48355811325111153,0.5393939393939394,0.43902835236520094,1.1151515151515152,0.10036558702873852,0.1915356981504352,0.10036558702873849
Neemias Queta,330,0.24832546816472814,0.6393939393939394,0.6163101190434365,1.2787878787878788,0.02308382035050293,0.03940973581632255,0.023083820350502937
Jalen Smith,328,0.4132436464778891,0.4878048780487805,0.4916174085713052,1.1768292682926829,-0.0038125305225247073,-0.016888706329074583,-0.0038125305225247264
Patrick Williams,327,0.47731762467213806,0.3853211009174312,0.44348504518907467,0.9785932721712538,-0.058163944271643495,-0.1109371143777298,-0.05816394427164345
Nique Clifford,326,0.47913655862438437,0.39263803680981596,0.44268372345779405,0.9202453987730062,-0.05004568664797808,-0.11967332567565157,-0.050045686647978094
Isaac Okoro,322,0.39473255024187726,0.4658385093167702,0.5059937716175518,1.0807453416149069,-0.04015526230078158,-0.1076028326823096,-0.04015526230078159
Ja Morant,322,0.4333104666669942,0.40993788819875776,0.47732994233645565,0.8819875776397516,-0.06739205413769783,-0.1709771007141306,-0.06739205413769789
Tari Eason,317,0.4400784303217695,0.45110410094637227,0.4719375707742498,1.1198738170347002,-0.02083346982787757,-0.0031533954383047894,-0.020833469827877538
Svi Mykhailiuk,316,0.4764409840565457,0.4778481012658228,0.4442907735443521,1.2120253164556962,0.033557327721470714,0.07697049097805245,0.03355732772147069
Khris Middleton,316,0.49704361790612084,0.4272151898734177,0.42851466094245544,0.9651898734177216,-0.0012994710690376998,-0.01615650470165653,-0.0012994710690377165
Jose Alvarado,310,0.5238046412722244,0.42258064516129035,0.4093785388967712,1.103225806451613,0.013202106264519134,0.037134598895595027,0.01320210626451912
Nikola Jović,305,0.4675705332873734,0.3704918032786885,0.4511441544452638,0.8852459016393442,-0.08065235116657529,-0.21658404373010648,-0.08065235116657526
Tre Jones,302,0.40729346672173067,0.5496688741721855,0.4971310072678283,1.1688741721854305,0.0525378669043571,0.09320407188115404,0.05253786690435719
Buddy Hield,301,0.5114217635414815,0.4318936877076412,0.41829720809658905,1.0863787375415281,0.013596479611052148,0.014033785974633041,0.013596479611052148
Daniss Jenkins,299,0.4927720421082996,0.42474916387959866,0.43263767209284687,0.9933110367892977,-0.007888508213248172,-0.007339363580099996,-0.007888508213248213
Justin Champagnie,298,0.3783849476173843,0.5,0.518354169253871,1.1174496644295302,-0.018354169253870997,-0.06025855651803368,-0.01835416925387101
Gradey Dick,295,0.4769958309135932,0.423728813559322,0.4440545098346703,1.0101694915254238,-0.020325696275348283,-0.06986863274544829,-0.020325696275348304
Danny Wolf,294,0.44787444076893473,0.40476190476190477,0.4662576473963156,0.9625850340136054,-0.061495742634410835,-0.14728785243757414,-0.06149574263441082
Ziaire Williams,288,0.48612255939765675,0.4166666666666667,0.43692821738721993,1.0520833333333333,-0.02026155072055323,-0.07862180110494174,-0.020261550720553245
Brook Lopez,288,0.4844213899133266,0.3854166666666667,0.43781002886888537,1.0104166666666667,-0.0523933622022187,-0.14075444973639334,-0.052393362202218685
Precious Achiuwa,288,0.3305518931680946,0.5,0.5550189630830623,1.0555555555555556,-0.05501896308306239,-0.12804552952427076,-0.05501896308306231
Sam Merrill,285,0.5270302133930735,0.4842105263157895,0.4060042666682278,1.3508771929824561,0.07820625964756171,0.23283550000265515,0.07820625964756167
Terance Mann,284,0.4330887227228763,0.4507042253521127,0.47737637035818004,1.0387323943661972,-0.026672145006067387,-0.06606570641171448,-0.02667214500606735
Vince Williams Jr.,281,0.48581337062534435,0.3594306049822064,0.43710498917806406,0.9074733096085409,-0.07767438419585768,-0.1942259493676459,-0.07767438419585765
Herbert Jones,278,0.43670389490320577,0.3920863309352518,0.47385689675164,0.9424460431654677,-0.08177056581638817,-0.20681793721970027,-0.0817705658163882
De'Anthony Melton,276,0.4787732527370867,0.42391304347826086,0.4429884809726647,0.9891304347826086,-0.019075437494403828,-0.06745537481959053,-0.019075437494403824
Javonte Green,276,0.439775926317718,0.44565217391304346,0.4718898848029805,1.0942028985507246,-0.026237710889936993,-0.06872667272762631,-0.026237710889937038
Day'Ron Sharpe,275,0.32501110406716494,0.610909090909091,0.5594266362477555,1.2472727272727273,0.05148245466133545,0.08336496842627569,0.0514824546613355
Walter Clayton Jr.,275,0.4883661987212373,0.4,0.4355082285606294,0.9636363636363636,-0.03550822856062935,-0.11157138878215216,-0.03550822856062935
Dru Smith,275,0.44936589071016,0.4109090909090909,0.4652124099925838,0.9490909090909091,-0.0543033190834929,-0.13483095034395046,-0.054303319083492896
Will Riley,274,0.4710910616364657,0.4124087591240876,0.44864803555490185,0.9562043795620438,-0.036239276430814274,-0.0832111178705462,-0.03623927643081426
Aaron Gordon,273,0.4343458575556166,0.5091575091575091,0.47642441778650185,1.1721611721611722,0.032733091371007245,0.07590398664389031,0.03273309137100727
Jonas Valančiūnas,272,0.3175770554395738,0.5772058823529411,0.564101310962113,1.1727941176470589,0.013104571390828117,0.014105493126675733,0.013104571390828101
Marvin Bagley III,271,0.2937577399349469,0.6162361623616236,0.5828669197971542,1.2656826568265682,0.033369242564469465,0.0704757367103284,0.03336924256446938
Bilal Coulibaly,269,0.4015098106967017,0.3940520446096654,0.500813071865235,0.895910780669145,-0.10676102725556959,-0.2671917039791607,-0.10676102725556963
Sidy Cissoko,267,0.45445050012187077,0.40823970037453183,0.46031586758296367,1.0187265917602997,-0.0520761672084318,-0.14267092614325533,-0.052076167208431834
Bones Hyland,266,0.498796935807796,0.46616541353383456,0.4278189189732694,1.169172932330827,0.03834649456056514,0.08627266309359838,0.03834649456056516
Cameron Johnson,266,0.44550328971711417,0.4699248120300752,0.46746721719897194,1.1616541353383458,0.0024575948311032453,0.03040388767568241,0.002457594831103249
Luke Kennard,264,0.5009370916222624,0.5454545454545454,0.4258142793938936,1.3901515151515151,0.11964026606065188,0.3135383168488965,0.11964026606065181
Kobe Sanders,264,0.4809166607082278,0.4356060606060606,0.44079823135382534,1.0492424242424243,-0.005192170747764741,-0.015346976640942981,-0.005192170747764735
Dominick Barlow,262,0.33702100730295315,0.5572519083969466,0.5493644937035698,1.183206106870229,0.007887414693376825,-0.0065134632772288325,0.007887414693376837
Ryan Dunn,261,0.4098275137297196,0.44061302681992337,0.494529031890479,1.0306513409961686,-0.05391600507055557,-0.12986818872965056,-0.053916005070555606
Jared McCain,260,0.4864700539519538,0.3923076923076923,0.4371621798595815,0.9807692307692307,-0.044854487551889206,-0.07978257013016336,-0.0448544875518892
Keegan Murray,259,0.4562554021729111,0.42857142857142855,0.45951573343816804,0.9536679536679536,-0.030944304866739453,-0.09943631947885735,-0.03094430486673949
Collin Murray-Boyles,257,0.32363318087301807,0.5525291828793775,0.5599594523343199,1.1673151750972763,-0.007430269454942423,-0.0235640244768354,-0.007430269454942406
Jaden Ivey,256,0.4942200825901024,0.4453125,0.4314569321475327,1.0859375,0.013855567852467266,0.029750021128700344,0.013855567852467277
Tyrese Martin,255,0.48409566721477293,0.39215686274509803,0.43870615703351784,0.984313725490196,-0.04654929428841981,-0.11851669658366483,-0.04654929428841981
Moussa Diabaté,253,0.2583991501253312,0.6324110671936759,0.6096905478739384,1.2687747035573123,0.022720519319737415,0.04665915316688725,0.02272051931973751
Ben Sheppard,252,0.49108321000999944,0.4007936507936508,0.43333488894749994,1.0198412698412698,-0.032541238153849156,-0.07998819491715077,-0.03254123815384913
Sion James,251,0.46468787982880244,0.3784860557768924,0.45328243368008647,0.9721115537848606,-0.07479637790319404,-0.15616488128294748,-0.07479637790319404
Tre Mann,249,0.5274149064139089,0.3654618473895582,0.40671032476365593,0.9036144578313253,-0.0412484773740977,-0.08942319836729168,-0.0412484773740977
Corey Kispert,248,0.4633391196559717,0.4637096774193548,0.45433861066387243,1.1451612903225807,0.009371066755482403,0.005863591782234295,0.009371066755482382
Will Richard,247,0.47321766554342026,0.46963562753036436,0.4466731288281023,1.1578947368421053,0.02296249870226208,0.03543254223138667,0.02296249870226208
Ryan Nembhard,245,0.5009839542498267,0.42857142857142855,0.42565614835029525,0.9918367346938776,0.0029152802211333297,0.004892153890662334,0.0029152802211332984
Nae'Qwan Tomlin,238,0.3640972320696596,0.48739495798319327,0.5292038942811923,1.0546218487394958,-0.04180893629799901,-0.1414217506374837,-0.04180893629799903
Caris LeVert,234,0.5069709903083139,0.43162393162393164,0.4219166078718299,1.0299145299145298,0.00970732375210174,0.014939444883659192,0.00970732375210176
D'Angelo Russell,232,0.5167114551986105,0.4051724137931034,0.4142670295467704,0.9525862068965517,-0.009094615753666985,-0.0472490945985153,-0.00909461575366699
Cole Anthony,231,0.47303548720771865,0.42424242424242425,0.4470872046459383,0.9437229437229437,-0.022844780403514082,-0.0669212934181832,-0.022844780403514064
GG Jackson,228,0.42185570185862004,0.4824561403508772,0.4857848066290669,1.1096491228070176,-0.003328666278189757,-0.028668618696336304,-0.003328666278189729
Keon Ellis,227,0.5279603905165937,0.3964757709251101,0.4056502781374829,1.0484581497797356,-0.009174507212372732,-0.019673224770846195,-0.009174507212372784
Mouhamed Gueye,227,0.4222967651022125,0.44493392070484583,0.4854248650414283,1.013215859030837,-0.04049094433658245,-0.11521554947248554,-0.04049094433658246
Ja'Kobe Walter,226,0.47151964992099604,0.42920353982300885,0.4478354591202438,1.079646017699115,-0.01863191929723498,-0.05272907629264792,-0.018631919297234956
Al Horford,224,0.49899598622086433,0.42857142857142855,0.4269182409980971,1.0758928571428572,0.0016531875733315018,-0.02423785391531124,0.0016531875733314383
Domantas Sabonis,221,0.30421475039881785,0.5429864253393665,0.5750925899507097,1.1085972850678734,-0.03210616461134316,-0.09274688203491227,-0.03210616461134319
Gary Payton II,220,0.367590557744624,0.5318181818181819,0.5271627482838606,1.1590909090909092,0.004655433534321263,-0.009466417686745847,0.004655433534321296
Cody Williams,220,0.3924086670984551,0.4818181818181818,0.5081682827189251,1.0363636363636364,-0.02635010090074329,-0.09649227021128394,-0.0263501009007433
Tyler Kolek,220,0.4647846582979112,0.42272727272727273,0.4533149303829952,1.009090909090909,-0.030587657655722446,-0.07093311200768812,-0.030587657655722467
Micah Peavy,220,0.4468087067170879,0.38181818181818183,0.4675205375280862,0.8590909090909091,-0.08570235570990438,-0.21588943499351676,-0.08570235570990437
Josh Okogie,219,0.43971364362710647,0.4383561643835616,0.4719356652240178,1.091324200913242,-0.03357950084045619,-0.05797468459716956,-0.03357950084045619
Luka Garza,218,0.3699128426718808,0.5825688073394495,0.5248488302480881,1.311926605504587,0.05771997709136139,0.12695602791026692,0.05771997709136134
Pat Spencer,218,0.47077724634804885,0.43577981651376146,0.4486405410004319,1.0137614678899083,-0.012860724486670413,-0.016006581635073302,-0.012860724486670416
Jaylin Williams,217,0.4986376758671281,0.3778801843317972,0.42703219613543636,0.9861751152073732,-0.049152011803639116,-0.1464758365547286,-0.04915201180363915
Andre Drummond,217,0.3104387023152807,0.5023041474654378,0.5688184140593336,1.0921658986175116,-0.06651426659389578,-0.1335048728244179,-0.06651426659389581
Oso Ighodaro,214,0.2878886398937818,0.6308411214953271,0.5873401284001718,1.2616822429906542,0.04350099309515524,0.08550486715311753,0.043500993095155316
Landry Shamet,211,0.5294751923409365,0.44549763033175355,0.4046751152719415,1.1990521327014219,0.04082251505981204,0.12901962757263943,0.04082251505981205
Isaiah Hartenstein,211,0.262540125575094,0.6350710900473934,0.6057370444947049,1.2701421800947867,0.02933404555268846,0.04831676398915343,0.02933404555268848
Kristaps Porziņģis,210,0.42650580501806395,0.45714285714285713,0.48136442582516403,1.061904761904762,-0.02422156868230689,-0.06626685581021395,-0.024221568682306904
Yves Missi,210,0.2775194469373167,0.5380952380952381,0.5948775175100451,1.0761904761904761,-0.056782279414807034,-0.11511300591532918,-0.05678227941480707
Drake Powell,209,0.4854722092175512,0.430622009569378,0.43759999359908003,1.014354066985646,-0.006977984029702047,-0.053886125289240444,-0.006977984029702011
Nolan Traore,209,0.4588606064603207,0.4019138755980861,0.4575863978502823,0.9473684210526315,-0.05567252225219619,-0.1315875786496162,-0.05567252225219621
Dean Wade,204,0.4890293268704184,0.4166666666666667,0.4344070693000056,1.0833333333333333,-0.017740402633338988,-0.06605576880549756,-0.017740402633338925
Jordan Miller,201,0.42421645596593055,0.5124378109452736,0.48424589611932867,1.1492537313432836,0.02819191482594494,0.04974980173847825,0.028191914825944964
Craig Porter Jr.,201,0.45581881549374803,0.4577114427860697,0.4607270914977219,1.044776119402985,-0.0030156487116522975,0.0045354233437637755,-0.003015648711652219
Jaden Hardy,201,0.5202662233432452,0.40298507462686567,0.41148086980530907,1.0497512437810945,-0.008495795178443438,-0.007103821420733525,-0.0084957951784434
Jordan Walsh,199,0.393971312083197,0.5125628140703518,0.5063078830617993,1.185929648241206,0.006254931008552495,0.00824288593902239,0.006254931008552456
Ryan Kalkbrenner,198,0.22663660469323785,0.7575757575757576,0.6327989299933816,1.5151515151515151,0.12477682758237603,0.24607330992978113,0.12477682758237596
Luke Kornet,197,0.2387693909680958,0.6548223350253807,0.6240432964069872,1.3096446700507614,0.030779038618393557,0.06155807723678711,0.030779038618393484
Spencer Jones,196,0.4424759988028238,0.5051020408163265,0.4695941413332087,1.2551020408163265,0.03550789948311782,0.08771123565690354,0.03550789948311778
Alex Caruso,196,0.49034635922802244,0.4336734693877551,0.4345571065030345,1.066326530612245,-0.0008836371152794286,-0.02451870669437608,-0.0008836371152793898
Jalen Pickett,195,0.49529974132652854,0.4153846153846154,0.4301922528114167,1.035897435897436,-0.014807637426801284,-0.030844050569477432,-0.014807637426801301
Jonathan Kuminga,194,0.41313018759483355,0.4536082474226804,0.49231002260478046,0.9948453608247423,-0.03870177518210005,-0.09215304367507308,-0.03870177518210005
Kenrich Williams,190,0.4659800036709828,0.5105263157894737,0.4523901656211412,1.2052631578947368,0.05813615016833248,0.12436926343540897,0.05813615016833251
Daniel Gafford,185,0.249950940034722,0.6324324324324324,0.6154321049143577,1.2648648648648648,0.017000327518074766,0.03400065503614953,0.017000327518074676
Nicolas Batum,184,0.5637176136330965,0.3967391304347826,0.3780252621477053,1.1684782608695652,0.018713868287077315,0.05640860759572753,0.018713868287077273
Tristan Vukcevic,184,0.4432621801931235,0.4673913043478261,0.46922154311572756,1.0434782608695652,-0.0018302387679014307,-0.05006422747874044,-0.0018302387679014487
Jarred Vanderbilt,184,0.39220217772852,0.47282608695652173,0.5077325497571845,1.076086956521739,-0.03490646280066278,-0.09497351484981016,-0.034906462800662785
Gui Santos,183,0.4547660520457756,0.5191256830601093,0.4606941925740729,1.2404371584699454,0.05843149048603637,0.11266787069856081,0.05843149048603641
Tyler Herro,181,0.4746583304794629,0.4972375690607735,0.4461748794972347,1.12707182320442,0.05106268956353873,0.10090741899118773,0.051062689563538766
Lonzo Ball,176,0.5470043021813965,0.30113636363636365,0.39120161411231946,0.8295454545454546,-0.09006525047595587,-0.2556643974632084,-0.09006525047595582
Kris Murray,175,0.4057862141373119,0.44571428571428573,0.4977938915166759,1.0057142857142858,-0.052079605802390246,-0.1587369388310571,-0.05207960580239018
Mike Conley,174,0.5346629447683972,0.3218390804597701,0.4008275882621741,0.8850574712643678,-0.07898850780240398,-0.18952354868158658,-0.07898850780240396
Ochai Agbaji,173,0.3733575860514446,0.4161849710982659,0.5222315608794939,0.9017341040462428,-0.10604658978122794,-0.28224334808079815,-0.10604658978122794
Jordan Hawkins,172,0.527553580398976,0.32558139534883723,0.4057338213492448,0.8255813953488372,-0.08015242600040756,-0.194014280502647,-0.08015242600040756
Paul Reed,171,0.3506682385772769,0.5906432748538012,0.5397602493503287,1.239766081871345,0.050883025503472436,0.09901028783120158,0.05088302550347246
Bryce McGowens,171,0.42661023042651486,0.47953216374269003,0.4825660121840173,1.128654970760234,-0.0030338484413272217,0.023184359401891376,-0.003033848441327258
Justin Edwards,171,0.49743103829996466,0.39766081871345027,0.42823848364503314,1.0116959064327486,-0.030577664931582847,-0.08491854204148311,-0.03057766493158287
Jaylen Clark,171,0.45036079448010435,0.4269005847953216,0.4643854788533468,0.9766081871345029,-0.03748489405802516,-0.09995288554779753,-0.03748489405802519
Dalton Knecht,170,0.4918220143579461,0.4470588235294118,0.43273950160741553,1.0705882352941176,0.014319321921996255,-0.00792964817923338,0.014319321921996253
Rob Dillingham,170,0.44508324382615777,0.35294117647058826,0.4681592035941669,0.7823529411764706,-0.11521802712357869,-0.24033037039282187,-0.11521802712357865
Tyrese Proctor,169,0.5095425735318024,0.3905325443786982,0.41994543349869573,0.9940828402366864,-0.029412889119997506,-0.06829450674452163,-0.02941288911999751
Cam Whitmore,169,0.417376714727439,0.4556213017751479,0.48973293061268336,1.0059171597633136,-0.03411162883753546,-0.08894403173581633,-0.034111628837535435
Tyus Jones,169,0.5018879657054286,0.3431952662721893,0.42487740674100005,0.8698224852071006,-0.08168214046881077,-0.22700325291725662,-0.08168214046881073
Jaxson Hayes,167,0.24295410858306477,0.7724550898203593,0.6209790312720938,1.5568862275449102,0.15147605854826546,0.31001938026366294,0.1514760585482655
Isaiah Jackson,167,0.27427555173210527,0.5868263473053892,0.5979231954922042,1.1736526946107784,-0.011096848186814971,-0.02392082307891509,-0.011096848186815
Hugo González,163,0.43808504914579877,0.4601226993865031,0.4733834615456965,1.0736196319018405,-0.013260762159193461,-0.043830028347835226,-0.013260762159193418
Kevin Love,163,0.4835903133477088,0.3987730061349693,0.4385603514026301,1.049079754601227,-0.039787345267660805,-0.09098238906223478,-0.03978734526766081
Jalen Wilson,162,0.4772600378528942,0.36419753086419754,0.44358201102198697,0.9444444444444444,-0.0793844801577894,-0.17734802425352691,-0.07938448015778943
Aaron Holiday,161,0.5214733784926917,0.40372670807453415,0.4103721789559466,1.0683229813664596,-0.006645470881412385,-0.0015509449700158598,-0.00664547088141243
Taylor Hendricks,161,0.4502935087040853,0.4409937888198758,0.4639623044001666,1.062111801242236,-0.02296851558029081,-0.06320838234682662,-0.022968515580290838
Jamaree Bouyea,157,0.47219729739981386,0.5031847133757962,0.4479655393237035,1.1210191082802548,0.0552191740520927,0.10467843825016207,0.0552191740520927
Jase Richardson,155,0.47167943008989455,0.47096774193548385,0.44835366013846173,1.103225806451613,0.02261408179702218,0.053203859860616515,0.022614081797022123
Julian Strawther,155,0.4527166134231714,0.45161290322580644,0.46242164989420126,1.0451612903225806,-0.010808746668394834,-0.0460838489623908,-0.01080874666839482
Trendon Watford,155,0.3719494642810815,0.5096774193548387,0.5236924395684989,1.0838709677419356,-0.014015020213660153,-0.03579306340630595,-0.01401502021366019
Noah Penda,154,0.43753827182305616,0.43506493506493504,0.4742187106415188,1.0324675324675325,-0.0391537755765838,-0.07051542637283743,-0.03915377557658378
Goga Bitadze,150,0.26914279313448886,0.6866666666666666,0.6016264953202813,1.3866666666666667,0.08504017134638533,0.15592810521909303,0.08504017134638531
Christian Braun,150,0.38438178154961333,0.48,0.5147134913653545,1.0333333333333334,-0.034713491365354544,-0.10498355012010574,-0.03471349136535451
Johnny Furphy,149,0.4128498799114735,0.4697986577181208,0.4924443046853764,1.0939597315436242,-0.022645646967255656,-0.07445636496569513,-0.022645646967255628
Derrick Jones Jr.,148,0.40744001611737724,0.5405405405405406,0.49619710354292473,1.2702702702702702,0.044343436997615816,0.09732890013583596,0.04434343699761584
Quenton Jackson,148,0.4364466127434872,0.4797297297297297,0.4747285838218421,1.1216216216216217,0.00500114590788765,0.021766713603281338,0.005001145907887639
Asa Newell,147,0.4018290986202068,0.5374149659863946,0.5004862426085204,1.2585034013605443,0.036928723377874124,0.08412736926637344,0.03692872337787423
Baylor Scheierman,147,0.5155345844621326,0.4489795918367347,0.4144380615524219,1.1904761904761905,0.03454153028431279,0.08259438216419,0.03454153028431278
Rayan Rupert,147,0.4554060915326728,0.36054421768707484,0.46011643864068286,0.8707482993197279,-0.09957222095360806,-0.2382114318598057,-0.09957222095360801
Karlo Matković,146,0.3770775101093301,0.6027397260273972,0.5197129403826121,1.3630136986301369,0.08302678564478524,0.18610128999791273,0.08302678564478516
Guerschon Yabusele,146,0.48759491965349766,0.3972602739726027,0.4358206435400752,1.0,-0.038560369567472476,-0.10660713204981666,-0.0385603695674725
Robert Williams III,145,0.2905697755892271,0.7517241379310344,0.5856761296874631,1.5517241379310345,0.16604800824357144,0.34241340975418494,0.16604800824357135
Clint Capela,144,0.254691623030579,0.5277777777777778,0.6120057303617712,1.0555555555555556,-0.08422795258399343,-0.16845590516798686,-0.0842279525839934
Jabari Walker,144,0.40726588959660553,0.4027777777777778,0.49648445809849157,0.9236111111111112,-0.09370668032071378,-0.2306898329903292,-0.09370668032071378
Thomas Bryant,143,0.41758056745327976,0.5104895104895105,0.48854153455176863,1.2027972027972027,0.021947975937741893,0.01884354400879533,0.021947975937741893
Carter Bryant,143,0.4700272183748803,0.3706293706293706,0.4493476315042921,0.916083916083916,-0.07871826087492143,-0.18091229264298825,-0.07871826087492145
Tidjane Salaün,142,0.442166744647585,0.5140845070422535,0.470332288529514,1.2464788732394365,0.04375221851273957,0.11927718711149765,0.04375221851273953
Steven Adams,139,0.2528900206497227,0.5035971223021583,0.6137943435314255,1.0071942446043165,-0.11019722122926723,-0.22039444245853446,-0.11019722122926723
Caleb Martin,137,0.415088351360411,0.44525547445255476,0.4908710606367607,0.9927007299270073,-0.045615586184206004,-0.09463031760541687,-0.04561558618420597
Josh Minott,136,0.43384488531761445,0.5073529411764706,0.47616219611075566,1.2647058823529411,0.031190745065714922,0.09306149458738017,0.031190745065714898
Keaton Wallace,136,0.5202683834271711,0.41911764705882354,0.4116413802600426,1.088235294117647,0.0074762667987809195,0.03025672163155119,0.0074762667987809395
Jett Howard,136,0.508961816307083,0.3897058823529412,0.4202201997609232,0.9926470588235294,-0.03051431740798197,-0.08095941906639487,-0.030514317407981995
Gabe Vincent,136,0.5444146949370802,0.3382352941176471,0.3930713678370615,0.9558823529411765,-0.054836073719414395,-0.12440211650107168,-0.0548360737194144
Trae Young,135,0.5089958594802629,0.4148148148148148,0.4211149329643124,0.9629629629629629,-0.0063001181494976065,-0.02368641446565606,-0.006300118149497602
Jakob Poeltl,134,0.2493892953237854,0.6865671641791045,0.6162300336563393,1.373134328358209,0.0703371305227652,0.1406742610455304,0.07033713052276513
Nick Smith Jr.,133,0.542296853824525,0.42105263157894735,0.39513380231517886,1.0451127819548873,0.025918829263768494,0.07616752328664206,0.025918829263768484
Branden Carlson,130,0.39832385346227434,0.5230769230769231,0.5032689789072246,1.2076923076923076,0.019807944169698583,0.024884833458091758,0.019807944169698555
Kasparas Jakučionis,128,0.5009595703046573,0.3984375,0.4258589696818878,1.0859375,-0.027421469681887817,0.0001432147539487949,-0.0274214696818878
Kyle Anderson,124,0.36457037218505134,0.5564516129032258,0.5295815173386573,1.1370967741935485,0.02687009556456845,0.06412584079062222,0.02687009556456843
Olivier-Maxence Prosper,124,0.4312422317092778,0.49193548387096775,0.47881124256810154,1.1693548387096775,0.013124241302866194,0.04980406839893273,0.013124241302866213
Zeke Nnaji,123,0.3647326918661927,0.4878048780487805,0.5288175803476198,1.065040650406504,-0.041012702298839285,-0.1220273467337899,-0.041012702298839354
Bogdan Bogdanović,121,0.5255869412712015,0.371900826446281,0.4076809993644445,0.9421487603305785,-0.03578017291816351,-0.09489787744162058,-0.035780172918163544
Jamir Watkins,120,0.4399693284733578,0.4,0.4718933192324292,0.925,-0.07189331923242917,-0.219938016920182,-0.0718933192324292
Mitchell Robinson,119,0.19160343853723982,0.6974789915966386,0.6585554515120863,1.3949579831932772,0.03892354008455239,0.07784708016910478,0.038923540084552344
Adem Bona,119,0.23783738442991564,0.5798319327731093,0.624394986860105,1.1764705882352942,-0.044563054086995735,-0.08801482563942169,-0.04456305408699568
Ousmane Dieng,116,0.5181975697352519,0.4482758620689655,0.41250280370399595,1.1206896551724137,0.03577305836496955,0.08983722577463774,0.03577305836496958
Drew Eubanks,114,0.30333599677523326,0.6052631578947368,0.575611916065572,1.219298245614035,0.02965124182916478,0.05112192632309837,0.029651241829164787
Ben Saraf,113,0.44228762579936964,0.336283185840708,0.4706131111156372,0.7787610619469026,-0.13432992527492926,-0.3238081025730422,-0.1343299252749292
Dylan Cardwell,112,0.29475353854739483,0.5982142857142857,0.5823627310254949,1.1964285714285714,0.015851554688790872,0.028665384025566305,0.015851554688790848
Devin Carter,111,0.45141839871651834,0.38738738738738737,0.46404778082021,0.8558558558558559,-0.0766603934328226,-0.23024212004655806,-0.0766603934328226
Micah Potter,110,0.4679896797341537,0.4636363636363636,0.45055349916276105,1.1727272727272726,0.013082864473602625,0.014960819742841285,0.013082864473602573
Cam Christie,108,0.4356076130968861,0.39814814814814814,0.4756372517181379,0.9074074074074074,-0.07748910356998977,-0.18701126412438177,-0.07748910356998978
Trayce Jackson-Davis,107,0.2741185407439369,0.5794392523364486,0.5985350687114303,1.1682242990654206,-0.019095816374981648,-0.031313627140457975,-0.0190958163749817
Jevon Carter,106,0.5487926599400176,0.3867924528301887,0.3901330337295599,1.0754716981132075,-0.0033405808993711484,0.02368263460155605,-0.0033405808993711705
Tony Bradley,106,0.31549750054923037,0.5566037735849056,0.5666484930343954,1.1226415094339623,-0.01004471944948967,-0.0168615760785668,-0.010044719449489703
Javon Small,105,0.49132128897267635,0.3904761904761905,0.4341982675200873,0.9523809523809523,-0.043722077043896794,-0.07514083615763724,-0.0437220770438968
Josh Green,104,0.5197262032479099,0.46153846153846156,0.41191133735429897,1.2403846153846154,0.04962712418416256,0.1553639083326745,0.049627124184162597
Dalen Terry,104,0.4508788479617309,0.4326923076923077,0.4640871972790161,1.0480769230769231,-0.03139488958670841,-0.04325307215903462,-0.031394889586708385
Mohamed Diawara,103,0.482993950760876,0.4563106796116505,0.43934521917105884,1.1650485436893203,0.016965460440591617,0.05224585289649558,0.016965460440591662
Ethan Thompson,102,0.5175767382554683,0.38235294117647056,0.4131886636535825,0.9705882352941176,-0.030835722477111843,-0.09529691643178412,-0.030835722477111915
Jeremiah Robinson-Earl,100,0.4212735653885067,0.37,0.48602774740314525,0.84,-0.11602774740314521,-0.2848534294974349,-0.11602774740314525
