sport,model_family,target_label,factor_key,plot_type,x_value,fitted_effect,lower_ci,upper_ci,baseline_value,season_window,effect_label
NHL,LogisticGAM,Expected Goal,distance,continuous_pdp,0.0,2.181859169605339,1.7780286165056922,2.5856897227049855,33.0151480384,2014-2024,shotDistance
NHL,LogisticGAM,Expected Goal,distance,continuous_pdp,0.5025125628140703,2.1291095918151752,1.732906165831309,2.5253130177990415,33.0151480384,2014-2024,shotDistance
NHL,LogisticGAM,Expected Goal,distance,continuous_pdp,1.0050251256281406,2.0763600229461607,1.687378475133777,2.4653415707585444,33.0151480384,2014-2024,shotDistance
NHL,LogisticGAM,Expected Goal,distance,continuous_pdp,1.507537688442211,2.0237132253886605,1.6415129265940722,2.4059135241832488,33.0151480384,2014-2024,shotDistance
NHL,LogisticGAM,Expected Goal,distance,continuous_pdp,2.0100502512562812,1.9713146267495811,1.5954163591615256,2.3472128943376367,33.0151480384,2014-2024,shotDistance
NHL,LogisticGAM,Expected Goal,distance,continuous_pdp,2.5125628140703515,1.9192335408639933,1.549134100350381,2.2893329813776058,33.0151480384,2014-2024,shotDistance
NHL,LogisticGAM,Expected Goal,distance,continuous_pdp,3.015075376884422,1.8675392815669665,1.5027178096039768,2.232360753529956,33.0151480384,2014-2024,shotDistance
NHL,LogisticGAM,Expected Goal,distance,continuous_pdp,3.517587939698492,1.8163011626935694,1.4562260296815461,2.1763762957055928,33.0151480384,2014-2024,shotDistance
NHL,LogisticGAM,Expected Goal,distance,continuous_pdp,4.0201005025125625,1.7655884980788716,1.4097245906704656,2.1214524054872776,33.0151480384,2014-2024,shotDistance
NHL,LogisticGAM,Expected Goal,distance,continuous_pdp,4.522613065326633,1.7154706015579424,1.3632868311913784,2.0676543719245064,33.0151480384,2014-2024,shotDistance
NHL,LogisticGAM,Expected Goal,distance,continuous_pdp,5.025125628140703,1.6660167869658502,1.3169936098670023,2.015039964064698,33.0151480384,2014-2024,shotDistance
NHL,LogisticGAM,Expected Goal,distance,continuous_pdp,5.527638190954773,1.6172963681376662,1.2709330918623931,1.9636596444129388,33.0151480384,2014-2024,shotDistance
NHL,LogisticGAM,Expected Goal,distance,continuous_pdp,6.030150753768844,1.5693786589084588,1.2252003089729553,1.9135570088439624,33.0151480384,2014-2024,shotDistance
NHL,LogisticGAM,Expected Goal,distance,continuous_pdp,6.532663316582914,1.5223329731132962,1.1798965056182058,1.864769440608387,33.0151480384,2014-2024,shotDistance
NHL,LogisticGAM,Expected Goal,distance,continuous_pdp,7.035175879396984,1.476228624587249,1.1351282953801758,1.8173289537943225,33.0151480384,2014-2024,shotDistance
NHL,LogisticGAM,Expected Goal,distance,continuous_pdp,7.537688442211055,1.431134927165386,1.0910066618503431,1.7712631924804287,33.0151480384,2014-2024,shotDistance
NHL,LogisticGAM,Expected Goal,distance,continuous_pdp,8.040201005025125,1.3871211946827766,1.047645842512841,1.7265965468527127,33.0151480384,2014-2024,shotDistance
NHL,LogisticGAM,Expected Goal,distance,continuous_pdp,8.542713567839195,1.3442567409744908,1.0051621348883173,1.6833513470606642,33.0151480384,2014-2024,shotDistance
NHL,LogisticGAM,Expected Goal,distance,continuous_pdp,9.045226130653266,1.302610879875596,0.9636726605677927,1.6415490991833996,33.0151480384,2014-2024,shotDistance
NHL,LogisticGAM,Expected Goal,distance,continuous_pdp,9.547738693467336,1.2622529252211634,0.9232941159765115,1.6012117344658154,33.0151480384,2014-2024,shotDistance
NHL,LogisticGAM,Expected Goal,distance,continuous_pdp,10.050251256281406,1.2232500425416126,0.8841392020434456,1.5623608830397795,33.0151480384,2014-2024,shotDistance
NHL,LogisticGAM,Expected Goal,distance,continuous_pdp,10.552763819095476,1.1856104119604751,0.8462535389634919,1.5249672849574583,33.0151480384,2014-2024,shotDistance
NHL,LogisticGAM,Expected Goal,distance,continuous_pdp,11.055276381909547,1.1492773611294882,0.8096074233430762,1.4889472989159,33.0151480384,2014-2024,shotDistance
NHL,LogisticGAM,Expected Goal,distance,continuous_pdp,11.557788944723617,1.1141908926742223,0.7741625719522779,1.454219213396167,33.0151480384,2014-2024,shotDistance
NHL,LogisticGAM,Expected Goal,distance,continuous_pdp,12.060301507537687,1.0802910092202471,0.739876647027185,1.4207053714133089,33.0151480384,2014-2024,shotDistance
NHL,LogisticGAM,Expected Goal,distance,continuous_pdp,12.562814070351758,1.047517713393133,0.7067041045334289,1.3883313222528373,33.0151480384,2014-2024,shotDistance
NHL,LogisticGAM,Expected Goal,distance,continuous_pdp,13.065326633165828,1.0158110078184515,0.6745969409645546,1.3570250746723485,33.0151480384,2014-2024,shotDistance
NHL,LogisticGAM,Expected Goal,distance,continuous_pdp,13.567839195979898,0.9851108951217719,0.6435053341097551,1.3267164561337887,33.0151480384,2014-2024,shotDistance
NHL,LogisticGAM,Expected Goal,distance,continuous_pdp,14.070351758793969,0.9553573779286643,0.6133781755824007,1.2973365802749277,33.0151480384,2014-2024,shotDistance
NHL,LogisticGAM,Expected Goal,distance,continuous_pdp,14.572864321608039,0.9264904588646995,0.5841634943934438,1.268817423335955,33.0151480384,2014-2024,shotDistance
NHL,LogisticGAM,Expected Goal,distance,continuous_pdp,15.07537688442211,0.8984501405554478,0.5558087717359753,1.2410915093749204,33.0151480384,2014-2024,shotDistance
NHL,LogisticGAM,Expected Goal,distance,continuous_pdp,15.57788944723618,0.8711764256264795,0.5282611476000095,1.2140917036529495,33.0151480384,2014-2024,shotDistance
NHL,LogisticGAM,Expected Goal,distance,continuous_pdp,16.08040201005025,0.8446093167033649,0.5014675199793687,1.1877511134273613,33.0151480384,2014-2024,shotDistance
NHL,LogisticGAM,Expected Goal,distance,continuous_pdp,16.58291457286432,0.8186888164116738,0.475374537337272,1.1620030954860758,33.0151480384,2014-2024,shotDistance
NHL,LogisticGAM,Expected Goal,distance,continuous_pdp,17.08542713567839,0.7933549273769777,0.44992848470378655,1.1367813700501688,33.0151480384,2014-2024,shotDistance
NHL,LogisticGAM,Expected Goal,distance,continuous_pdp,17.587939698492463,0.7685476522248457,0.425075063309733,1.1120202411399585,33.0151480384,2014-2024,shotDistance
NHL,LogisticGAM,Expected Goal,distance,continuous_pdp,18.09045226130653,0.7442069935808485,0.4007590630394051,1.0876549241222921,33.0151480384,2014-2024,shotDistance
NHL,LogisticGAM,Expected Goal,distance,continuous_pdp,18.5929648241206,0.7202729540705574,0.37692392624322213,1.0636219818978927,33.0151480384,2014-2024,shotDistance
NHL,LogisticGAM,Expected Goal,distance,continuous_pdp,19.09547738693467,0.6966868788605814,0.35351110222390913,1.0398626554972537,33.0151480384,2014-2024,shotDistance
NHL,LogisticGAM,Expected Goal,distance,continuous_pdp,19.597989949748744,0.6733970015974716,0.3304593939203261,1.016334609274617,33.0151480384,2014-2024,shotDistance
NHL,LogisticGAM,Expected Goal,distance,continuous_pdp,20.100502512562812,0.6503537592027514,0.3077060872021763,0.9930014312033265,33.0151480384,2014-2024,shotDistance
NHL,LogisticGAM,Expected Goal,distance,continuous_pdp,20.60301507537688,0.6275075895806393,0.2851879893932957,0.969827189767983,33.0151480384,2014-2024,shotDistance
NHL,LogisticGAM,Expected Goal,distance,continuous_pdp,21.105527638190953,0.6048089306353531,0.2628421556346451,0.9467757056360612,33.0151480384,2014-2024,shotDistance
NHL,LogisticGAM,Expected Goal,distance,continuous_pdp,21.608040201005025,0.5822082202711117,0.24060650528044325,0.9238099352617802,33.0151480384,2014-2024,shotDistance
NHL,LogisticGAM,Expected Goal,distance,continuous_pdp,22.110552763819094,0.5596558963921341,0.21842032819359247,0.9008914645906757,33.0151480384,2014-2024,shotDistance
NHL,LogisticGAM,Expected Goal,distance,continuous_pdp,22.613065326633162,0.5371023969026386,0.19622467938525234,0.8779801144200249,33.0151480384,2014-2024,shotDistance
NHL,LogisticGAM,Expected Goal,distance,continuous_pdp,23.115577889447234,0.5144981597068436,0.17396265962752666,0.8550336597861606,33.0151480384,2014-2024,shotDistance
NHL,LogisticGAM,Expected Goal,distance,continuous_pdp,23.618090452261306,0.4917936227089681,0.1515795793658744,0.8320076660520618,33.0151480384,2014-2024,shotDistance
NHL,LogisticGAM,Expected Goal,distance,continuous_pdp,24.120603015075375,0.4689392238132304,0.12902300340623607,0.8088554442202248,33.0151480384,2014-2024,shotDistance
NHL,LogisticGAM,Expected Goal,distance,continuous_pdp,24.623115577889443,0.4458854009238492,0.10624267433965157,0.7855281275080469,33.0151480384,2014-2024,shotDistance
NHL,LogisticGAM,Expected Goal,distance,continuous_pdp,25.125628140703515,0.4225825919450429,0.08319031334952137,0.7619748705405643,33.0151480384,2014-2024,shotDistance
NHL,LogisticGAM,Expected Goal,distance,continuous_pdp,25.628140703517587,0.3989812347810301,0.0598192977643186,0.7381431717977417,33.0151480384,2014-2024,shotDistance
NHL,LogisticGAM,Expected Goal,distance,continuous_pdp,26.130653266331656,0.3750317673360297,0.03608421531949946,0.71397931935256,33.0151480384,2014-2024,shotDistance
NHL,LogisticGAM,Expected Goal,distance,continuous_pdp,26.633165829145725,0.3506846275142602,0.011940295455398209,0.6894289595731221,33.0151480384,2014-2024,shotDistance
NHL,LogisticGAM,Expected Goal,distance,continuous_pdp,27.135678391959797,0.32589025321994003,-0.012657281964361444,0.6644377884042415,33.0151480384,2014-2024,shotDistance
NHL,LogisticGAM,Expected Goal,distance,continuous_pdp,27.63819095477387,0.3005996186279293,-0.03775374045881913,0.6389529777146777,33.0151480384,2014-2024,shotDistance
NHL,LogisticGAM,Expected Goal,distance,continuous_pdp,28.140703517587937,0.2747886168893394,-0.06337464499975703,0.6129518787784359,33.0151480384,2014-2024,shotDistance
NHL,LogisticGAM,Expected Goal,distance,continuous_pdp,28.643216080402006,0.24846808644262075,-0.08951743327111805,0.5864536061563596,33.0151480384,2014-2024,shotDistance
NHL,LogisticGAM,Expected Goal,distance,continuous_pdp,29.145728643216078,0.22165147941608632,-0.1161783968695172,0.5594813557016899,33.0151480384,2014-2024,shotDistance
NHL,LogisticGAM,Expected Goal,distance,continuous_pdp,29.64824120603015,0.19435224793805117,-0.14335412940249265,0.5320586252785949,33.0151480384,2014-2024,shotDistance
NHL,LogisticGAM,Expected Goal,distance,continuous_pdp,30.15075376884422,0.1665838441368288,-0.17104083882740845,0.504208527101066,33.0151480384,2014-2024,shotDistance
NHL,LogisticGAM,Expected Goal,distance,continuous_pdp,30.653266331658287,0.13835972014073317,-0.19923376717906893,0.47595320746053527,33.0151480384,2014-2024,shotDistance
NHL,LogisticGAM,Expected Goal,distance,continuous_pdp,31.15577889447236,0.10969332807807775,-0.22792671989805546,0.44731337605421095,33.0151480384,2014-2024,shotDistance
NHL,LogisticGAM,Expected Goal,distance,continuous_pdp,31.65829145728643,0.08059812007717754,-0.25711170729323163,0.4183079474475867,33.0151480384,2014-2024,shotDistance
NHL,LogisticGAM,Expected Goal,distance,continuous_pdp,32.1608040201005,0.05108754826634576,-0.28677870055105903,0.38895379708375055,33.0151480384,2014-2024,shotDistance
NHL,LogisticGAM,Expected Goal,distance,continuous_pdp,32.66331658291457,0.021175064773896635,-0.31691550416545383,0.35926563371324705,33.0151480384,2014-2024,shotDistance
NHL,LogisticGAM,Expected Goal,distance,continuous_pdp,33.16582914572864,-0.009125878271856125,-0.34750774579225574,0.3292559892485435,33.0151480384,2014-2024,shotDistance
NHL,LogisticGAM,Expected Goal,distance,continuous_pdp,33.66834170854271,-0.03980182874259869,-0.3785389834651346,0.2989353259799372,33.0151480384,2014-2024,shotDistance
NHL,LogisticGAM,Expected Goal,distance,continuous_pdp,34.17085427135678,-0.0708393345100164,-0.409990929003215,0.2683122599831822,33.0151480384,2014-2024,shotDistance
NHL,LogisticGAM,Expected Goal,distance,continuous_pdp,34.67336683417085,-0.10222494344579602,-0.44184378545476966,0.2373938985631776,33.0151480384,2014-2024,shotDistance
NHL,LogisticGAM,Expected Goal,distance,continuous_pdp,35.175879396984925,-0.13394520342162347,-0.47407669569411115,0.2061862888508642,33.0151480384,2014-2024,shotDistance
NHL,LogisticGAM,Expected Goal,distance,continuous_pdp,35.678391959798994,-0.16598666230918444,-0.506668298915247,0.17469497429687808,33.0151480384,2014-2024,shotDistance
NHL,LogisticGAM,Expected Goal,distance,continuous_pdp,36.18090452261306,-0.19833586798016525,-0.5395973917800014,0.14292565581967098,33.0151480384,2014-2024,shotDistance
NHL,LogisticGAM,Expected Goal,distance,continuous_pdp,36.68341708542713,-0.23097588241025893,-0.5728408903676332,0.11088912554711539,33.0151480384,2014-2024,shotDistance
NHL,LogisticGAM,Expected Goal,distance,continuous_pdp,37.1859296482412,-0.2638659506402772,-0.6063580742513545,0.0786261729708001,33.0151480384,2014-2024,shotDistance
NHL,LogisticGAM,Expected Goal,distance,continuous_pdp,37.688442211055275,-0.29695535949997054,-0.6401013253363006,0.04619060633635941,33.0151480384,2014-2024,shotDistance
NHL,LogisticGAM,Expected Goal,distance,continuous_pdp,38.19095477386934,-0.33019336231033564,-0.6740233635865231,0.013636638965851822,33.0151480384,2014-2024,shotDistance
NHL,LogisticGAM,Expected Goal,distance,continuous_pdp,38.69346733668341,-0.36352921239237007,-0.7080766454229998,-0.018981779361740392,33.0151480384,2014-2024,shotDistance
NHL,LogisticGAM,Expected Goal,distance,continuous_pdp,39.19597989949749,-0.39691216306707144,-0.7422128414985592,-0.05161148463558374,33.0151480384,2014-2024,shotDistance
NHL,LogisticGAM,Expected Goal,distance,continuous_pdp,39.698492462311556,-0.4302914676554363,-0.7763824203592888,-0.08420051495158382,33.0151480384,2014-2024,shotDistance
NHL,LogisticGAM,Expected Goal,distance,continuous_pdp,40.201005025125625,-0.46361637947846235,-0.8105343375312922,-0.11669842142563258,33.0151480384,2014-2024,shotDistance
NHL,LogisticGAM,Expected Goal,distance,continuous_pdp,40.70351758793969,-0.49683615185714647,-0.8446158292457399,-0.14905647446855308,33.0151480384,2014-2024,shotDistance
NHL,LogisticGAM,Expected Goal,distance,continuous_pdp,41.20603015075376,-0.5299000381124866,-0.878572309526851,-0.18122776669812227,33.0151480384,2014-2024,shotDistance
NHL,LogisticGAM,Expected Goal,distance,continuous_pdp,41.70854271356784,-0.5627572915654804,-0.9123473687883662,-0.21316721434259472,33.0151480384,2014-2024,shotDistance
NHL,LogisticGAM,Expected Goal,distance,continuous_pdp,42.211055276381906,-0.5953571655371235,-0.9458828715110047,-0.24483145956324232,33.0151480384,2014-2024,shotDistance
NHL,LogisticGAM,Expected Goal,distance,continuous_pdp,42.713567839195974,-0.6276489133484144,-0.9791191501110001,-0.2761786765858286,33.0151480384,2014-2024,shotDistance
NHL,LogisticGAM,Expected Goal,distance,continuous_pdp,43.21608040201005,-0.6595817883203507,-1.0119952918550776,-0.30716828478562375,33.0151480384,2014-2024,shotDistance
NHL,LogisticGAM,Expected Goal,distance,continuous_pdp,43.71859296482412,-0.6911050437739281,-1.0444495157062605,-0.3377605718415958,33.0151480384,2014-2024,shotDistance
NHL,LogisticGAM,Expected Goal,distance,continuous_pdp,44.22110552763819,-0.7221679330301453,-1.0764196363422935,-0.3679162297179968,33.0151480384,2014-2024,shotDistance
NHL,LogisticGAM,Expected Goal,distance,continuous_pdp,44.723618090452256,-0.752719709409999,-1.1078436132803495,-0.3975958055396484,33.0151480384,2014-2024,shotDistance
NHL,LogisticGAM,Expected Goal,distance,continuous_pdp,45.226130653266324,-0.7827098686072227,-1.1386604448229876,-0.42675929239145793,33.0151480384,2014-2024,shotDistance
NHL,LogisticGAM,Expected Goal,distance,continuous_pdp,45.7286432160804,-0.812110420386893,-1.168834794406858,-0.4553860463669281,33.0151480384,2014-2024,shotDistance
NHL,LogisticGAM,Expected Goal,distance,continuous_pdp,46.23115577889447,-0.8409338446254014,-1.1983764570807365,-0.4834912321700664,33.0151480384,2014-2024,shotDistance
NHL,LogisticGAM,Expected Goal,distance,continuous_pdp,46.73366834170854,-0.8691968466704068,-1.227300819242854,-0.5110928740979594,33.0151480384,2014-2024,shotDistance
NHL,LogisticGAM,Expected Goal,distance,continuous_pdp,47.23618090452261,-0.8969161318695674,-1.2556237304815157,-0.5382085332576194,33.0151480384,2014-2024,shotDistance
NHL,LogisticGAM,Expected Goal,distance,continuous_pdp,47.73869346733668,-0.924108405570541,-1.2833610089546066,-0.5648558021864754,33.0151480384,2014-2024,shotDistance
NHL,LogisticGAM,Expected Goal,distance,continuous_pdp,48.24120603015075,-0.9507903731209862,-1.3105280308281273,-0.5910527154138451,33.0151480384,2014-2024,shotDistance
NHL,LogisticGAM,Expected Goal,distance,continuous_pdp,48.74371859296482,-0.9769787398685614,-1.3371394013704765,-0.6168180783666461,33.0151480384,2014-2024,shotDistance
NHL,LogisticGAM,Expected Goal,distance,continuous_pdp,49.24623115577889,-1.0026902111609246,-1.3632087056135611,-0.6421717167082883,33.0151480384,2014-2024,shotDistance
NHL,LogisticGAM,Expected Goal,distance,continuous_pdp,49.74874371859296,-1.0279414923457346,-1.3887483367538072,-0.6671346479376621,33.0151480384,2014-2024,shotDistance
NHL,LogisticGAM,Expected Goal,distance,continuous_pdp,50.25125628140703,-1.052749288770649,-1.4137694006808834,-0.6917291768604152,33.0151480384,2014-2024,shotDistance
NHL,LogisticGAM,Expected Goal,distance,continuous_pdp,50.7537688442211,-1.0771303057833264,-1.4382816952180564,-0.7159789163485961,33.0151480384,2014-2024,shotDistance
NHL,LogisticGAM,Expected Goal,distance,continuous_pdp,51.256281407035175,-1.1011012487314256,-1.4622937628794648,-0.7399087345833861,33.0151480384,2014-2024,shotDistance
NHL,LogisticGAM,Expected Goal,distance,continuous_pdp,51.75879396984924,-1.1246788229626041,-1.4858130162481515,-0.7635446296770568,33.0151480384,2014-2024,shotDistance
NHL,LogisticGAM,Expected Goal,distance,continuous_pdp,52.26130653266331,-1.1478797338245201,-1.5088459355082842,-0.7869135321407561,33.0151480384,2014-2024,shotDistance
NHL,LogisticGAM,Expected Goal,distance,continuous_pdp,52.76381909547738,-1.1707206866648328,-1.5313983382759484,-0.8100430350537169,33.0151480384,2014-2024,shotDistance
NHL,LogisticGAM,Expected Goal,distance,continuous_pdp,53.26633165829145,-1.1932183868311992,-1.553475722707875,-0.8329610509545234,33.0151480384,2014-2024,shotDistance
NHL,LogisticGAM,Expected Goal,distance,continuous_pdp,53.768844221105525,-1.2153895396712788,-1.5750836859571047,-0.8556953933854533,33.0151480384,2014-2024,shotDistance
NHL,LogisticGAM,Expected Goal,distance,continuous_pdp,54.27135678391959,-1.237251033909208,-1.5962294340736416,-0.878272633744774,33.0151480384,2014-2024,shotDistance
NHL,LogisticGAM,Expected Goal,distance,continuous_pdp,54.77386934673366,-1.2588214539936136,-1.6169305253261084,-0.9007123826611185,33.0151480384,2014-2024,shotDistance
NHL,LogisticGAM,Expected Goal,distance,continuous_pdp,55.27638190954774,-1.2801203016206013,-1.6372102872711944,-0.9230303159700081,33.0151480384,2014-2024,shotDistance
NHL,LogisticGAM,Expected Goal,distance,continuous_pdp,55.778894472361806,-1.3011670874876642,-1.6570923067576082,-0.9452418682177205,33.0151480384,2014-2024,shotDistance
NHL,LogisticGAM,Expected Goal,distance,continuous_pdp,56.281407035175874,-1.3219813222922954,-1.6765999686733624,-0.9673626759112282,33.0151480384,2014-2024,shotDistance
NHL,LogisticGAM,Expected Goal,distance,continuous_pdp,56.78391959798994,-1.3425825167319887,-1.695756100597059,-0.9894089328669183,33.0151480384,2014-2024,shotDistance
NHL,LogisticGAM,Expected Goal,distance,continuous_pdp,57.28643216080401,-1.3629901815042367,-1.7145826717013084,-1.011397691307165,33.0151480384,2014-2024,shotDistance
NHL,LogisticGAM,Expected Goal,distance,continuous_pdp,57.78894472361809,-1.3832238273065336,-1.7331005450046524,-1.0333471096084148,33.0151480384,2014-2024,shotDistance
NHL,LogisticGAM,Expected Goal,distance,continuous_pdp,58.291457286432156,-1.4033029648363726,-1.7513292826888947,-1.0552766469838502,33.0151480384,2014-2024,shotDistance
NHL,LogisticGAM,Expected Goal,distance,continuous_pdp,58.793969849246224,-1.4232471047912463,-1.769287004722873,-1.0772072048596193,33.0151480384,2014-2024,shotDistance
NHL,LogisticGAM,Expected Goal,distance,continuous_pdp,59.2964824120603,-1.443075757868649,-1.7869903014832964,-1.0991612142540017,33.0151480384,2014-2024,shotDistance
NHL,LogisticGAM,Expected Goal,distance,continuous_pdp,59.79899497487437,-1.4628084347660737,-1.8044542014738516,-1.1211626680582962,33.0151480384,2014-2024,shotDistance
NHL,LogisticGAM,Expected Goal,distance,continuous_pdp,60.30150753768844,-1.4824646461810134,-1.8216921956631529,-1.143237096698874,33.0151480384,2014-2024,shotDistance
NHL,LogisticGAM,Expected Goal,distance,continuous_pdp,60.804020100502505,-1.5020639028109617,-1.8387163204495036,-1.1654114851724195,33.0151480384,2014-2024,shotDistance
NHL,LogisticGAM,Expected Goal,distance,continuous_pdp,61.306532663316574,-1.5216257153534123,-1.85553730188603,-1.1877141288207946,33.0151480384,2014-2024,shotDistance
NHL,LogisticGAM,Expected Goal,distance,continuous_pdp,61.80904522613065,-1.5411695945058583,-1.8721647646441792,-1.2101744243675379,33.0151480384,2014-2024,shotDistance
NHL,LogisticGAM,Expected Goal,distance,continuous_pdp,62.31155778894472,-1.5607150509657925,-1.88860751034816,-1.232822591583425,33.0151480384,2014-2024,shotDistance
NHL,LogisticGAM,Expected Goal,distance,continuous_pdp,62.81407035175879,-1.5802815557279422,-1.9048738578551032,-1.2556892536007815,33.0151480384,2014-2024,shotDistance
NHL,LogisticGAM,Expected Goal,distance,continuous_pdp,63.31658291457286,-1.5998783965799523,-1.9209687032993323,-1.2787880898605724,33.0151480384,2014-2024,shotDistance
NHL,LogisticGAM,Expected Goal,distance,continuous_pdp,63.81909547738693,-1.6194912056947381,-1.9368900807484866,-1.3020923306409902,33.0151480384,2014-2024,shotDistance
NHL,LogisticGAM,Expected Goal,distance,continuous_pdp,64.321608040201,-1.6391022642869624,-1.9526367817025472,-1.3255677468713776,33.0151480384,2014-2024,shotDistance
NHL,LogisticGAM,Expected Goal,distance,continuous_pdp,64.82412060301507,-1.6586938535712856,-1.9682094898426836,-1.349178217299888,33.0151480384,2014-2024,shotDistance
NHL,LogisticGAM,Expected Goal,distance,continuous_pdp,65.32663316582914,-1.6782482547623685,-1.9836107625630106,-1.372885746961726,33.0151480384,2014-2024,shotDistance
NHL,LogisticGAM,Expected Goal,distance,continuous_pdp,65.82914572864321,-1.697747749074873,-1.9988450478877886,-1.3966504502619568,33.0151480384,2014-2024,shotDistance
NHL,LogisticGAM,Expected Goal,distance,continuous_pdp,66.33165829145727,-1.7171746177234586,-2.013918735763442,-1.4204304996834751,33.0151480384,2014-2024,shotDistance
NHL,LogisticGAM,Expected Goal,distance,continuous_pdp,66.83417085427135,-1.7365111419227883,-2.028840242466064,-1.4441820413795123,33.0151480384,2014-2024,shotDistance
NHL,LogisticGAM,Expected Goal,distance,continuous_pdp,67.33668341708542,-1.7557396028875227,-2.0436201263038725,-1.4678590794711734,33.0151480384,2014-2024,shotDistance
NHL,LogisticGAM,Expected Goal,distance,continuous_pdp,67.83919597989949,-1.7748422818323224,-2.0582712318306586,-1.4914133318339862,33.0151480384,2014-2024,shotDistance
NHL,LogisticGAM,Expected Goal,distance,continuous_pdp,68.34170854271356,-1.7938014599718493,-2.0728088583194637,-1.5147940616242348,33.0151480384,2014-2024,shotDistance
NHL,LogisticGAM,Expected Goal,distance,continuous_pdp,68.84422110552764,-1.8125994185207643,-2.087250946171334,-1.537947890870194,33.0151480384,2014-2024,shotDistance
NHL,LogisticGAM,Expected Goal,distance,continuous_pdp,69.3467336683417,-1.8312184386937282,-2.101618272161186,-1.5608186052262703,33.0151480384,2014-2024,shotDistance
NHL,LogisticGAM,Expected Goal,distance,continuous_pdp,69.84924623115577,-1.849640801705402,-2.1159346409022346,-1.5833469625085699,33.0151480384,2014-2024,shotDistance
NHL,LogisticGAM,Expected Goal,distance,continuous_pdp,70.35175879396985,-1.8678487887704476,-2.1302270556792444,-1.6054705218616507,33.0151480384,2014-2024,shotDistance
NHL,LogisticGAM,Expected Goal,distance,continuous_pdp,70.85427135678391,-1.8858246811035255,-2.144525847043943,-1.6271235151631078,33.0151480384,2014-2024,shotDistance
NHL,LogisticGAM,Expected Goal,distance,continuous_pdp,71.35678391959799,-1.903550759919297,-2.158864732693257,-1.6482367871453367,33.0151480384,2014-2024,shotDistance
NHL,LogisticGAM,Expected Goal,distance,continuous_pdp,71.85929648241205,-1.9210100725653856,-2.173282416044409,-1.6687377290863616,33.0151480384,2014-2024,shotDistance
NHL,LogisticGAM,Expected Goal,distance,continuous_pdp,72.36180904522612,-1.9381955184381696,-2.1878419516037577,-1.6885490852725815,33.0151480384,2014-2024,shotDistance
NHL,LogisticGAM,Expected Goal,distance,continuous_pdp,72.8643216080402,-1.955106833049205,-2.202623987795336,-1.7075896783030742,33.0151480384,2014-2024,shotDistance
NHL,LogisticGAM,Expected Goal,distance,continuous_pdp,73.36683417085426,-1.9717438894876063,-2.2177109799662804,-1.7257767990089317,33.0151480384,2014-2024,shotDistance
NHL,LogisticGAM,Expected Goal,distance,continuous_pdp,73.86934673366834,-1.9881065608424873,-2.2331848026350603,-1.7430283190499143,33.0151480384,2014-2024,shotDistance
NHL,LogisticGAM,Expected Goal,distance,continuous_pdp,74.3718592964824,-2.004194720202963,-2.2491243283984916,-1.759265112007434,33.0151480384,2014-2024,shotDistance
NHL,LogisticGAM,Expected Goal,distance,continuous_pdp,74.87437185929647,-2.0200082406581474,-2.2656028172281,-1.7744136640881951,33.0151480384,2014-2024,shotDistance
NHL,LogisticGAM,Expected Goal,distance,continuous_pdp,75.37688442211055,-2.0355469952971554,-2.282685314578137,-1.7884086760161737,33.0151480384,2014-2024,shotDistance
NHL,LogisticGAM,Expected Goal,distance,continuous_pdp,75.87939698492461,-2.0508108572091004,-2.300426297491149,-1.8011954169270523,33.0151480384,2014-2024,shotDistance
NHL,LogisticGAM,Expected Goal,distance,continuous_pdp,76.38190954773869,-2.065799699483097,-2.3188678107517875,-1.812731588214406,33.0151480384,2014-2024,shotDistance
NHL,LogisticGAM,Expected Goal,distance,continuous_pdp,76.88442211055276,-2.0805133952082597,-2.3380382918242715,-1.822988498592248,33.0151480384,2014-2024,shotDistance
NHL,LogisticGAM,Expected Goal,distance,continuous_pdp,77.38693467336682,-2.094951817473702,-2.3579521986311933,-1.8319514363162108,33.0151480384,2014-2024,shotDistance
NHL,LogisticGAM,Expected Goal,distance,continuous_pdp,77.8894472361809,-2.10911483936854,-2.378610446336469,-1.8396192324006106,33.0151480384,2014-2024,shotDistance
NHL,LogisticGAM,Expected Goal,distance,continuous_pdp,78.39195979899498,-2.123002333981886,-2.4000015538877504,-1.8460031140760216,33.0151480384,2014-2024,shotDistance
NHL,LogisticGAM,Expected Goal,distance,continuous_pdp,78.89447236180904,-2.136614174402855,-2.422103322130311,-1.8511250266753985,33.0151480384,2014-2024,shotDistance
NHL,LogisticGAM,Expected Goal,distance,continuous_pdp,79.39698492462311,-2.1499502337205616,-2.4448848269148846,-1.8550156405262386,33.0151480384,2014-2024,shotDistance
NHL,LogisticGAM,Expected Goal,distance,continuous_pdp,79.89949748743717,-2.163010385024119,-2.4683085137549186,-1.8577122562933197,33.0151480384,2014-2024,shotDistance
NHL,LogisticGAM,Expected Goal,distance,continuous_pdp,80.40201005025125,-2.1757945034143726,-2.492332218276533,-1.8592567885522122,33.0151480384,2014-2024,shotDistance
NHL,LogisticGAM,Expected Goal,distance,continuous_pdp,80.90452261306532,-2.188305723745463,-2.5169155182134046,-1.859695929277521,33.0151480384,2014-2024,shotDistance
NHL,LogisticGAM,Expected Goal,distance,continuous_pdp,81.40703517587939,-2.2005570681581372,-2.54203025490632,-1.859083881409954,33.0151480384,2014-2024,shotDistance
NHL,LogisticGAM,Expected Goal,distance,continuous_pdp,81.90954773869346,-2.212563426346929,-2.5676501416986546,-1.8574767109952037,33.0151480384,2014-2024,shotDistance
NHL,LogisticGAM,Expected Goal,distance,continuous_pdp,82.41206030150752,-2.224339688006372,-2.593748924881003,-1.8549304511317404,33.0151480384,2014-2024,shotDistance
NHL,LogisticGAM,Expected Goal,distance,continuous_pdp,82.9145728643216,-2.2359007428309976,-2.6203009782493147,-1.8515005074126805,33.0151480384,2014-2024,shotDistance
NHL,LogisticGAM,Expected Goal,distance,continuous_pdp,83.41708542713567,-2.247261480515339,-2.647281723818312,-1.847241237212366,33.0151480384,2014-2024,shotDistance
NHL,LogisticGAM,Expected Goal,distance,continuous_pdp,83.91959798994974,-2.25843679075393,-2.674667908540138,-1.8422056729677214,33.0151480384,2014-2024,shotDistance
NHL,LogisticGAM,Expected Goal,distance,continuous_pdp,84.42211055276381,-2.2694415632413016,-2.702437766800062,-1.8364453596825414,33.0151480384,2014-2024,shotDistance
NHL,LogisticGAM,Expected Goal,distance,continuous_pdp,84.92462311557789,-2.280290687671988,-2.730571095822954,-1.8300102795210225,33.0151480384,2014-2024,shotDistance
NHL,LogisticGAM,Expected Goal,distance,continuous_pdp,85.42713567839195,-2.2909990537405216,-2.759049267245934,-1.8229488402351093,33.0151480384,2014-2024,shotDistance
NHL,LogisticGAM,Expected Goal,distance,continuous_pdp,85.92964824120602,-2.3015815511414353,-2.7878551938909464,-1.8153079083919241,33.0151480384,2014-2024,shotDistance
NHL,LogisticGAM,Expected Goal,distance,continuous_pdp,86.4321608040201,-2.312053069569261,-2.816973266747138,-1.8071328723913842,33.0151480384,2014-2024,shotDistance
NHL,LogisticGAM,Expected Goal,distance,continuous_pdp,86.93467336683416,-2.3224284987185326,-2.84638927362566,-1.798467723811405,33.0151480384,2014-2024,shotDistance
NHL,LogisticGAM,Expected Goal,distance,continuous_pdp,87.43718592964824,-2.3327227282837826,-2.8760903079833335,-1.7893551485842316,33.0151480384,2014-2024,shotDistance
NHL,LogisticGAM,Expected Goal,distance,continuous_pdp,87.9396984924623,-2.342950647959543,-2.906064674026322,-1.779836621892764,33.0151480384,2014-2024,shotDistance
NHL,LogisticGAM,Expected Goal,distance,continuous_pdp,88.44221105527637,-2.3531271474403477,-2.9363017923452026,-1.7699525025354932,33.0151480384,2014-2024,shotDistance
NHL,LogisticGAM,Expected Goal,distance,continuous_pdp,88.94472361809045,-2.3632671164207295,-2.9667921089200098,-1.7597421239214488,33.0151480384,2014-2024,shotDistance
NHL,LogisticGAM,Expected Goal,distance,continuous_pdp,89.44723618090451,-2.373385069232205,-2.997526779582978,-1.749243358881432,33.0151480384,2014-2024,shotDistance
NHL,LogisticGAM,Expected Goal,distance,continuous_pdp,89.94974874371859,-2.3834885198655793,-3.028493624811705,-1.7384834149194535,33.0151480384,2014-2024,shotDistance
NHL,LogisticGAM,Expected Goal,distance,continuous_pdp,90.45226130653265,-2.3935787844441907,-3.059677865072943,-1.7274797038154386,33.0151480384,2014-2024,shotDistance
NHL,LogisticGAM,Expected Goal,distance,continuous_pdp,90.95477386934672,-2.403656964969194,-3.0910657633284524,-1.7162481666099358,33.0151480384,2014-2024,shotDistance
NHL,LogisticGAM,Expected Goal,distance,continuous_pdp,91.4572864321608,-2.413724163441747,-3.1226446081615618,-1.7048037187219323,33.0151480384,2014-2024,shotDistance
NHL,LogisticGAM,Expected Goal,distance,continuous_pdp,91.95979899497486,-2.423781481863005,-3.1544025835146865,-1.6931603802113235,33.0151480384,2014-2024,shotDistance
NHL,LogisticGAM,Expected Goal,distance,continuous_pdp,92.46231155778894,-2.4338300222341256,-3.1863286558977517,-1.6813313885704995,33.0151480384,2014-2024,shotDistance
NHL,LogisticGAM,Expected Goal,distance,continuous_pdp,92.96482412060301,-2.443870886556263,-3.218412476765925,-1.6693292963466013,33.0151480384,2014-2024,shotDistance
NHL,LogisticGAM,Expected Goal,distance,continuous_pdp,93.46733668341707,-2.4539051768305753,-3.2506442980422023,-1.6571660556189483,33.0151480384,2014-2024,shotDistance
NHL,LogisticGAM,Expected Goal,distance,continuous_pdp,93.96984924623115,-2.463933995058217,-3.283014899016734,-1.6448530910997001,33.0151480384,2014-2024,shotDistance
NHL,LogisticGAM,Expected Goal,distance,continuous_pdp,94.47236180904522,-2.473958443240347,-3.3155155230867277,-1.6324013633939667,33.0151480384,2014-2024,shotDistance
NHL,LogisticGAM,Expected Goal,distance,continuous_pdp,94.97487437185929,-2.48397962337812,-3.3481378230071184,-1.6198214237491215,33.0151480384,2014-2024,shotDistance
NHL,LogisticGAM,Expected Goal,distance,continuous_pdp,95.47738693467336,-2.493998637472693,-3.3808738135038503,-1.6071234614415353,33.0151480384,2014-2024,shotDistance
NHL,LogisticGAM,Expected Goal,distance,continuous_pdp,95.97989949748742,-2.5040165875252205,-3.41371583026005,-1.5943173447903911,33.0151480384,2014-2024,shotDistance
NHL,LogisticGAM,Expected Goal,distance,continuous_pdp,96.4824120603015,-2.514034575536862,-3.4466564944229905,-1.5814126566507332,33.0151480384,2014-2024,shotDistance
NHL,LogisticGAM,Expected Goal,distance,continuous_pdp,96.98492462311557,-2.5240537035087707,-3.479688681898445,-1.5684187251190962,33.0151480384,2014-2024,shotDistance
NHL,LogisticGAM,Expected Goal,distance,continuous_pdp,97.48743718592964,-2.534075073442105,-3.5128054968014935,-1.5553446500827164,33.0151480384,2014-2024,shotDistance
NHL,LogisticGAM,Expected Goal,distance,continuous_pdp,97.98994974874371,-2.54409978733781,-3.54600024852035,-1.5421993261552709,33.0151480384,2014-2024,shotDistance
NHL,LogisticGAM,Expected Goal,distance,continuous_pdp,98.49246231155777,-2.5541265391830774,-3.5792631238767005,-1.5289899544894543,33.0151480384,2014-2024,shotDistance
NHL,LogisticGAM,Expected Goal,distance,continuous_pdp,98.99497487437185,-2.5641532910283447,-3.612585899818078,-1.5157206822386113,33.0151480384,2014-2024,shotDistance
NHL,LogisticGAM,Expected Goal,distance,continuous_pdp,99.49748743718592,-2.5741800428736115,-3.645964670402296,-1.5023954153449268,33.0151480384,2014-2024,shotDistance
NHL,LogisticGAM,Expected Goal,distance,continuous_pdp,100.0,-2.5842067947188787,-3.679395853820903,-1.489017735616855,33.0151480384,2014-2024,shotDistance
