x_value,fitted_effect,lower_ci,upper_ci,sport,effect_label,season_window,baseline_value
0.0,3.4575260372592265,2.7921851348455866,4.122866939672866,NHL,shotDistance,2014-2024,33.1058907145
0.4924110320959799,3.3170885045642304,2.669219831925255,3.964957177203206,NHL,shotDistance,2014-2024,33.1058907145
0.9848220641919598,3.1766509718692344,2.5453099298781487,3.80799201386032,NHL,shotDistance,2014-2024,33.1058907145
1.4772330962879399,3.0385898852788547,2.4226694558759054,3.654510314681804,NHL,shotDistance,2014-2024,33.1058907145
1.9696441283839197,2.9055490952653287,2.3038815374123933,3.507216653118264,NHL,shotDistance,2014-2024,33.1058907145
2.4620551604798995,2.7774732659437875,2.1889840436841954,3.3659624882033796,NHL,shotDistance,2014-2024,33.1058907145
2.9544661925758797,2.6543046485182997,2.0780056061716654,3.230603690864934,NHL,shotDistance,2014-2024,33.1058907145
3.4468772246718595,2.535985494192935,1.9709695881658393,3.101001400220031,NHL,shotDistance,2014-2024,33.1058907145
3.9392882567678393,2.422458054171759,1.8678957707343038,2.977020337609214,NHL,shotDistance,2014-2024,33.1058907145
4.431699288863819,2.313664579658841,1.768801968872423,2.8585271904452596,NHL,shotDistance,2014-2024,33.1058907145
4.924110320959799,2.2095473218582495,1.673705498128601,2.745389145587898,NHL,shotDistance,2014-2024,33.1058907145
5.416521353055779,2.1100485319740523,1.5826244181443472,2.6374726458037574,NHL,shotDistance,2014-2024,33.1058907145
5.9089323851517594,2.015110461210316,1.4955784881150374,2.5346424343055953,NHL,shotDistance,2014-2024,33.1058907145
6.401343417247739,1.924675360771112,1.4125897793267954,2.436760942215429,NHL,shotDistance,2014-2024,33.1058907145
6.893754449343719,1.8386854818605063,1.3336829004859347,2.343688063235078,NHL,shotDistance,2014-2024,33.1058907145
7.386165481439699,1.757083075682567,1.258884801048936,2.2552813503161984,NHL,shotDistance,2014-2024,33.1058907145
7.878576513535679,1.6798103934413628,1.1882241244918905,2.171396662390835,NHL,shotDistance,2014-2024,33.1058907145
8.370987545631658,1.6068096863409616,1.1217300856638233,2.0918892870181,NHL,shotDistance,2014-2024,33.1058907145
8.863398577727638,1.5380232055854317,1.0594308423477776,2.0166155688230853,NHL,shotDistance,2014-2024,33.1058907145
9.355809609823618,1.4733932023788405,1.001351319382874,1.945435085374807,NHL,shotDistance,2014-2024,33.1058907145
9.848220641919598,1.4128619279252574,0.9475104229164422,1.878213432934073,NHL,shotDistance,2014-2024,33.1058907145
10.340631674015578,1.3563449025103838,0.8978837366469645,1.8148060683738028,NHL,shotDistance,2014-2024,33.1058907145
10.833042706111558,1.3036457558234626,0.8522903542430671,1.7550011574038582,NHL,shotDistance,2014-2024,33.1058907145
11.325453738207537,1.2545388460307958,0.8104946562044208,1.6985830358571707,NHL,shotDistance,2014-2024,33.1058907145
11.817864770303519,1.2087985312017013,0.7722468403187732,1.6453502220846294,NHL,shotDistance,2014-2024,33.1058907145
12.310275802399499,1.1661991694054976,0.737286892150212,1.5951114466607832,NHL,shotDistance,2014-2024,33.1058907145
12.802686834495479,1.1265151187115028,0.7053482278757526,1.547682009547253,NHL,shotDistance,2014-2024,33.1058907145
13.295097866591458,1.0895207371890359,0.6761610211154329,1.5028804532626387,NHL,shotDistance,2014-2024,33.1058907145
13.787508898687438,1.0549903829074143,0.6494552105057145,1.460525555309114,NHL,shotDistance,2014-2024,33.1058907145
14.279919930783418,1.022698413935957,0.6249631646884182,1.4204336631834957,NHL,shotDistance,2014-2024,33.1058907145
14.772330962879398,0.9924191883439819,0.6024219587532224,1.3824164179347413,NHL,shotDistance,2014-2024,33.1058907145
15.264741994975378,0.9639270642008075,0.5815751934822002,1.3462789349194149,NHL,shotDistance,2014-2024,33.1058907145
15.757153027071357,0.9369963995757525,0.562174268220506,1.311818530930999,NHL,shotDistance,2014-2024,33.1058907145
16.249564059167337,0.9114015525381347,0.543979001540992,1.2788241035352776,NHL,shotDistance,2014-2024,33.1058907145
16.741975091263317,0.8869168811572729,0.5267574818937094,1.2470762804208364,NHL,shotDistance,2014-2024,33.1058907145
17.234386123359297,0.8633167435024849,0.5102850226866351,1.2163484643183347,NHL,shotDistance,2014-2024,33.1058907145
17.726797155455277,0.8403754976430897,0.494342090872369,1.1864089044138102,NHL,shotDistance,2014-2024,33.1058907145
18.219208187551256,0.817867501648405,0.4787110721537269,1.1570239311430832,NHL,shotDistance,2014-2024,33.1058907145
18.711619219647236,0.7955671135877551,0.46317172633351184,1.1279625008419984,NHL,shotDistance,2014-2024,33.1058907145
19.204030251743216,0.7732807051180192,0.4475270045925922,1.0990344056434462,NHL,shotDistance,2014-2024,33.1058907145
19.696441283839196,0.7509424885009236,0.4316931161573324,1.0701918608445147,NHL,shotDistance,2014-2024,33.1058907145
20.188852315935176,0.7285185828022273,0.41560571542004043,1.041431450184414,NHL,shotDistance,2014-2024,33.1058907145
20.681263348031155,0.7059751070876885,0.3991926902789414,1.0127575238964357,NHL,shotDistance,2014-2024,33.1058907145
21.173674380127135,0.6832781804230665,0.3823786404569134,0.9841777203892197,NHL,shotDistance,2014-2024,33.1058907145
21.666085412223115,0.6603939218741196,0.3650891831598153,0.9556986605884238,NHL,shotDistance,2014-2024,33.1058907145
22.158496444319095,0.6372884505066067,0.34725499536237503,0.9273219056508383,NHL,shotDistance,2014-2024,33.1058907145
22.650907476415075,0.6139278853862863,0.3288154615366718,0.8990403092359007,NHL,shotDistance,2014-2024,33.1058907145
23.143318508511054,0.5902783455789173,0.30972176098421766,0.8708349301736169,NHL,shotDistance,2014-2024,33.1058907145
23.635729540607038,0.5663059501502582,0.28993921013295737,0.842672690167559,NHL,shotDistance,2014-2024,33.1058907145
24.128140572703018,0.5419768181660679,0.26944867983263293,0.8145049564995028,NHL,shotDistance,2014-2024,33.1058907145
24.620551604798997,0.5172570686921052,0.24824693818558075,0.7862671991986296,NHL,shotDistance,2014-2024,33.1058907145
25.112962636894977,0.4921128207941285,0.22634582089921534,0.7578798206890416,NHL,shotDistance,2014-2024,33.1058907145
25.605373668990957,0.46651019353789674,0.20377019148089492,0.7292501955948986,NHL,shotDistance,2014-2024,33.1058907145
26.097784701086937,0.44041530598916856,0.1805547061687518,0.7002759058095854,NHL,shotDistance,2014-2024,33.1058907145
26.590195733182917,0.4137942772137029,0.15673942644766115,0.6708491279797447,NHL,shotDistance,2014-2024,33.1058907145
27.082606765278896,0.3866132262772578,0.13236431282799233,0.6408621397265233,NHL,shotDistance,2014-2024,33.1058907145
27.575017797374876,0.35883827225825543,0.10746258226428962,0.6102139622522212,NHL,shotDistance,2014-2024,33.1058907145
28.067428829470856,0.3304386330022122,0.08204105299707432,0.5788362130073501,NHL,shotDistance,2014-2024,33.1058907145
28.559839861566836,0.3013953319370357,0.05604169731374109,0.5467489665603303,NHL,shotDistance,2014-2024,33.1058907145
29.052250893662816,0.27169220345955286,0.029380353077531174,0.5140040538415745,NHL,shotDistance,2014-2024,33.1058907145
29.544661925758795,0.24131308196659157,0.001964652897713526,0.4806615110354696,NHL,shotDistance,2014-2024,33.1058907145
30.037072957854775,0.21024180185497865,-0.026299221602815948,0.4467828253127733,NHL,shotDistance,2014-2024,33.1058907145
30.529483989950755,0.17846219752154063,-0.055500259400318996,0.41242465444340026,NHL,shotDistance,2014-2024,33.1058907145
31.021895022046735,0.14595810336310566,-0.08571693910843747,0.3776331458346488,NHL,shotDistance,2014-2024,33.1058907145
31.514306054142715,0.1127133537765006,-0.11701237588070246,0.3424390834337036,NHL,shotDistance,2014-2024,33.1058907145
32.006717086238694,0.07871178315855243,-0.149430590744292,0.30685415706139685,NHL,shotDistance,2014-2024,33.1058907145
32.499128118334674,0.04393722590608817,-0.18299420388440613,0.27086865569658247,NHL,shotDistance,2014-2024,33.1058907145
32.991539150430654,0.0083735164159352,-0.21770379242877658,0.23445082526064698,NHL,shotDistance,2014-2024,33.1058907145
33.483950182526634,-0.027995510915079014,-0.25353903599532046,0.1975480141651625,NHL,shotDistance,2014-2024,33.1058907145
33.976361214622614,-0.06518602169012777,-0.290461631062253,0.16008958768199744,NHL,shotDistance,2014-2024,33.1058907145
34.46877224671859,-0.10321418151238426,-0.3284198297688732,0.12199146674410466,NHL,shotDistance,2014-2024,33.1058907145
34.96118327881457,-0.14209615598502046,-0.36735438721626057,0.08316207524621966,NHL,shotDistance,2014-2024,33.1058907145
35.45359431091055,-0.1818481107112092,-0.4072057034433232,0.04350948202090488,NHL,shotDistance,2014-2024,33.1058907145
35.94600534300653,-0.2224862112941246,-0.44792201890723793,0.002949596318988723,NHL,shotDistance,2014-2024,33.1058907145
36.43841637510251,-0.264026622454301,-0.48946864155542236,-0.03858460335317959,NHL,shotDistance,2014-2024,33.1058907145
36.93082740719849,-0.30645573808370774,-0.5318219483062607,-0.08108952786115464,NHL,shotDistance,2014-2024,33.1058907145
37.42323843929447,-0.3496517369482559,-0.574928933332187,-0.12437454056432484,NHL,shotDistance,2014-2024,33.1058907145
37.91564947139045,-0.3934682172058943,-0.6187394069521974,-0.1681970274595913,NHL,shotDistance,2014-2024,33.1058907145
38.40806050348643,-0.437758777014571,-0.6632072185460869,-0.2123103354830551,NHL,shotDistance,2014-2024,33.1058907145
38.90047153558241,-0.482377014532235,-0.7082799905230082,-0.2564740385414619,NHL,shotDistance,2014-2024,33.1058907145
39.39288256767839,-0.5271765279168357,-0.753890237329214,-0.3004628185044572,NHL,shotDistance,2014-2024,33.1058907145
39.88529359977437,-0.5720109153263209,-0.7999481851190253,-0.3440736455336164,NHL,shotDistance,2014-2024,33.1058907145
40.37770463187035,-0.6167337749186395,-0.8463366772854082,-0.38713087255187073,NHL,shotDistance,2014-2024,33.1058907145
40.87011566396633,-0.6611987048517407,-0.8929084826290856,-0.4294889270743958,NHL,shotDistance,2014-2024,33.1058907145
41.36252669606231,-0.7052593032835739,-0.9394861337650746,-0.47103247280207317,NHL,shotDistance,2014-2024,33.1058907145
41.85493772815829,-0.7487691683720861,-0.9858641735291447,-0.5116741632150275,NHL,shotDistance,2014-2024,33.1058907145
42.34734876025427,-0.791581898275227,-1.0318134580154221,-0.5513503385350318,NHL,shotDistance,2014-2024,33.1058907145
42.83975979235025,-0.8335510911509454,-1.0770870264288814,-0.5900151558730093,NHL,shotDistance,2014-2024,33.1058907145
43.33217082444623,-0.8745303451571904,-1.1214270331910865,-0.6276336571232943,NHL,shotDistance,2014-2024,33.1058907145
43.82458185654221,-0.91437325845191,-1.1645723372149552,-0.6641741796888647,NHL,shotDistance,2014-2024,33.1058907145
44.31699288863819,-0.9529334291930529,-1.2062665185138328,-0.699600339872273,NHL,shotDistance,2014-2024,33.1058907145
44.80940392073417,-0.9900644555385689,-1.246266296691824,-0.7338626143853137,NHL,shotDistance,2014-2024,33.1058907145
45.30181495283015,-1.0256199383727747,-1.2843505245983544,-0.7668893521471949,NHL,shotDistance,2014-2024,33.1058907145
45.79422598492613,-1.059482482931994,-1.320378659285709,-0.798586306578279,NHL,shotDistance,2014-2024,33.1058907145
46.28663701702211,-1.0916352996798833,-1.3544114359740194,-0.8288591633857472,NHL,shotDistance,2014-2024,33.1058907145
46.77904804911809,-1.1220833975367424,-1.3865623967933374,-0.8576043982801471,NHL,shotDistance,2014-2024,33.1058907145
47.271459081214076,-1.1508317854228691,-1.416948517728768,-0.8847150531169703,NHL,shotDistance,2014-2024,33.1058907145
47.763870113310055,-1.177885472258562,-1.4456801744282806,-0.9100907700888436,NHL,shotDistance,2014-2024,33.1058907145
48.256281145406035,-1.2032494669641214,-1.472852825348915,-0.933646108579328,NHL,shotDistance,2014-2024,33.1058907145
48.748692177502015,-1.2269287784598448,-1.4985404596479626,-0.9553170972717271,NHL,shotDistance,2014-2024,33.1058907145
49.241103209597995,-1.2489284156660319,-1.522790967322324,-0.9750658640097396,NHL,shotDistance,2014-2024,33.1058907145
49.733514241693975,-1.2692533875029812,-1.545623591772285,-0.9928831832336775,NHL,shotDistance,2014-2024,33.1058907145
50.225925273789954,-1.2879087028909912,-1.5670285381269973,-1.0087888676549852,NHL,shotDistance,2014-2024,33.1058907145
50.718336305885934,-1.3048993707503629,-1.5869686725130143,-1.0228300689877112,NHL,shotDistance,2014-2024,33.1058907145
51.210747337981914,-1.3202304000013916,-1.6053831072588398,-1.0350776927439431,NHL,shotDistance,2014-2024,33.1058907145
51.703158370077894,-1.333906799564379,-1.6221923703128356,-1.0456212288159221,NHL,shotDistance,2014-2024,33.1058907145
52.195569402173874,-1.3459335783596227,-1.6373048322099581,-1.0545623245092872,NHL,shotDistance,2014-2024,33.1058907145
52.68798043426985,-1.356315745307422,-1.6506241161430877,-1.0620073744717562,NHL,shotDistance,2014-2024,33.1058907145
53.18039146636583,-1.365058309328076,-1.6620573319034881,-1.068059286752664,NHL,shotDistance,2014-2024,33.1058907145
53.67280249846181,-1.372166279341882,-1.671524127538941,-1.072808431144823,NHL,shotDistance,2014-2024,33.1058907145
54.16521353055779,-1.377644669840857,-1.678966725855914,-1.0763226138258002,NHL,shotDistance,2014-2024,33.1058907145
54.65762456265377,-1.381524860452552,-1.6844093709249854,-1.0786403499801185,NHL,shotDistance,2014-2024,33.1058907145
55.15003559474975,-1.383925514077018,-1.6880705585548625,-1.0797804695991735,NHL,shotDistance,2014-2024,33.1058907145
55.64244662684573,-1.3849833314325193,-1.6902189262105387,-1.0797477366544996,NHL,shotDistance,2014-2024,33.1058907145
56.13485765894171,-1.3848350132373217,-1.6911268742387717,-1.0785431522358717,NHL,shotDistance,2014-2024,33.1058907145
56.62726869103769,-1.3836172602096886,-1.69105984913972,-1.0761746712796574,NHL,shotDistance,2014-2024,33.1058907145
57.11967972313367,-1.381466773067885,-1.690267200657087,-1.072666345478683,NHL,shotDistance,2014-2024,33.1058907145
57.61209075522965,-1.378520252530175,-1.688974742780537,-1.0680657622798129,NHL,shotDistance,2014-2024,33.1058907145
58.10450178732563,-1.3749143993148243,-1.6873792786394701,-1.0624495199901784,NHL,shotDistance,2014-2024,33.1058907145
58.59691281942161,-1.370785914140097,-1.685645361830082,-1.0559264664501122,NHL,shotDistance,2014-2024,33.1058907145
59.08932385151759,-1.3662714977242585,-1.6839044708599653,-1.0486385245885514,NHL,shotDistance,2014-2024,33.1058907145
59.58173488361357,-1.3615078507855718,-1.6822566048744458,-1.0407590966966977,NHL,shotDistance,2014-2024,33.1058907145
60.07414591570955,-1.3566316740423026,-1.6807741227203126,-1.0324892253642926,NHL,shotDistance,2014-2024,33.1058907145
60.56655694780553,-1.3517796682127146,-1.6795075009095424,-1.0240518355158867,NHL,shotDistance,2014-2024,33.1058907145
61.05896797990151,-1.3470885340150736,-1.678492619827133,-1.0156844482030138,NHL,shotDistance,2014-2024,33.1058907145
61.55137901199749,-1.3426949721676436,-1.677759214709278,-1.0076307296260092,NHL,shotDistance,2014-2024,33.1058907145
62.04379004409347,-1.3387356833886896,-1.6773402348336783,-1.0001311319437007,NHL,shotDistance,2014-2024,33.1058907145
62.53620107618945,-1.3353473683964754,-1.6772820099616035,-0.9934127268313471,NHL,shotDistance,2014-2024,33.1058907145
63.02861210828543,-1.3326667096889375,-1.6776552828384,-0.9876781365394751,NHL,shotDistance,2014-2024,33.1058907145
63.52102314038141,-1.3307840525227368,-1.6785480365153571,-0.9830200685301165,NHL,shotDistance,2014-2024,33.1058907145
64.01343417247739,-1.3296432970536674,-1.6800225245594458,-0.9792640695478891,NHL,shotDistance,2014-2024,33.1058907145
64.50584520457338,-1.3291594828240294,-1.6821424835848653,-0.9761764820631935,NHL,shotDistance,2014-2024,33.1058907145
64.99825623666935,-1.3292476493761212,-1.6849704203352394,-0.9735248784170032,NHL,shotDistance,2014-2024,33.1058907145
65.49066726876534,-1.3298228362522428,-1.6885561349304545,-0.9710895375740309,NHL,shotDistance,2014-2024,33.1058907145
65.98307830086131,-1.3308000829946947,-1.6929271570968067,-0.9686730088925823,NHL,shotDistance,2014-2024,33.1058907145
66.4754893329573,-1.3320944291457755,-1.6980813098160583,-0.9661075484754926,NHL,shotDistance,2014-2024,33.1058907145
66.96790036505327,-1.333620914247785,-1.703981670139651,-0.963260158355919,NHL,shotDistance,2014-2024,33.1058907145
67.46031139714925,-1.3352945778430234,-1.710554124687453,-0.9600350309985941,NHL,shotDistance,2014-2024,33.1058907145
67.95272242924523,-1.3370304594737898,-1.7176875496818123,-0.9563733692657677,NHL,shotDistance,2014-2024,33.1058907145
68.44513346134121,-1.3387435986823837,-1.725236438412681,-0.9522507589520863,NHL,shotDistance,2014-2024,33.1058907145
68.93754449343719,-1.3403490350111045,-1.7330256160974171,-0.9476724539247918,NHL,shotDistance,2014-2024,33.1058907145
69.42995552553317,-1.3417618080022526,-1.7408565730985672,-0.9426670429059381,NHL,shotDistance,2014-2024,33.1058907145
69.92236655762915,-1.3428969571981269,-1.7485149347702933,-0.9372789796259602,NHL,shotDistance,2014-2024,33.1058907145
70.41477758972513,-1.343669522141027,-1.7557786628705423,-0.9315603814115117,NHL,shotDistance,2014-2024,33.1058907145
70.9071886218211,-1.343994542373253,-1.762426722302029,-0.9255623624444773,NHL,shotDistance,2014-2024,33.1058907145
71.3995996539171,-1.3437870574371047,-1.7682481137764468,-0.9193260010977624,NHL,shotDistance,2014-2024,33.1058907145
71.89201068601307,-1.3429621207626898,-1.7730513683894795,-0.9128728731358999,NHL,shotDistance,2014-2024,33.1058907145
72.38442171810905,-1.3414561831866996,-1.7767215932592504,-0.9061907731141488,NHL,shotDistance,2014-2024,33.1058907145
72.87683275020503,-1.339270270210543,-1.7793162227314223,-0.8992243176896635,NHL,shotDistance,2014-2024,33.1058907145
73.36924378230101,-1.3364175407535726,-1.7809351690267525,-0.8918999124803924,NHL,shotDistance,2014-2024,33.1058907145
73.86165481439699,-1.3329111537351435,-1.781682583324144,-0.8841397241461428,NHL,shotDistance,2014-2024,33.1058907145
74.35406584649297,-1.3287642680746077,-1.7816579079661783,-0.8758706281830371,NHL,shotDistance,2014-2024,33.1058907145
74.84647687858894,-1.3239900426913198,-1.7809486591491046,-0.8670314262335352,NHL,shotDistance,2014-2024,33.1058907145
75.33888791068493,-1.3186016365046336,-1.7796248173774414,-0.8575784556318258,NHL,shotDistance,2014-2024,33.1058907145
75.8312989427809,-1.3126122084339022,-1.7777347760153557,-0.847489640852449,NHL,shotDistance,2014-2024,33.1058907145
76.32370997487689,-1.3060349173984795,-1.775302823856618,-0.8367670109403411,NHL,shotDistance,2014-2024,33.1058907145
76.81612100697286,-1.2988829223177198,-1.7723281260117503,-0.8254377186236894,NHL,shotDistance,2014-2024,33.1058907145
77.30853203906885,-1.2911693821109758,-1.7687851330398217,-0.8135536311821299,NHL,shotDistance,2014-2024,33.1058907145
77.80094307116482,-1.282907455697602,-1.7646253074251872,-0.8011896039700168,NHL,shotDistance,2014-2024,33.1058907145
78.29335410326081,-1.2741103019969513,-1.7597800244209907,-0.7884405795729117,NHL,shotDistance,2014-2024,33.1058907145
78.78576513535678,-1.2647910799283777,-1.7541644924454602,-0.7754176674112951,NHL,shotDistance,2014-2024,33.1058907145
79.27817616745277,-1.2549629484112348,-1.7476825529256526,-0.762243343896817,NHL,shotDistance,2014-2024,33.1058907145
79.77058719954874,-1.244639066364877,-1.7402322618895965,-0.7490458708401573,NHL,shotDistance,2014-2024,33.1058907145
80.26299823164473,-1.2338325927086566,-1.7317122230225648,-0.7359529623947487,NHL,shotDistance,2014-2024,33.1058907145
80.7554092637407,-1.222556640148217,-1.7220287085246833,-0.7230845717717511,NHL,shotDistance,2014-2024,33.1058907145
81.24782029583669,-1.2107774713142627,-1.7110820022691566,-0.710472940359369,NHL,shotDistance,2014-2024,33.1058907145
81.74023132793266,-1.1983263003971276,-1.6987290783220592,-0.6979235224721962,NHL,shotDistance,2014-2024,33.1058907145
82.23264236002865,-1.1850101538146158,-1.6848286857484123,-0.6851916218808194,NHL,shotDistance,2014-2024,33.1058907145
82.72505339212462,-1.1706360579845319,-1.6692460609447877,-0.6720260550242763,NHL,shotDistance,2014-2024,33.1058907145
83.21746442422061,-1.1550110393246804,-1.6518479077376327,-0.6581741709117284,NHL,shotDistance,2014-2024,33.1058907145
83.70987545631658,-1.1379421242528658,-1.632498559993508,-0.6433856885122236,NHL,shotDistance,2014-2024,33.1058907145
84.20228648841257,-1.1192363391868922,-1.6110572495549458,-0.6274154288188387,NHL,shotDistance,2014-2024,33.1058907145
84.69469752050854,-1.0987007105445652,-1.5873764576304294,-0.6100249634587009,NHL,shotDistance,2014-2024,33.1058907145
85.18710855260453,-1.0761422647436882,-1.5613013710983163,-0.5909831583890601,NHL,shotDistance,2014-2024,33.1058907145
85.6795195847005,-1.0513680282020663,-1.5326704989652749,-0.570065557438858,NHL,shotDistance,2014-2024,33.1058907145
86.17193061679649,-1.0241850273375035,-1.5013175316075604,-0.5470525230674468,NHL,shotDistance,2014-2024,33.1058907145
86.66434164889246,-0.9944002885678047,-1.4670745497431912,-0.5217260273924182,NHL,shotDistance,2014-2024,33.1058907145
87.15675268098845,-0.9618208383107734,-1.4297767139281863,-0.4938649626933602,NHL,shotDistance,2014-2024,33.1058907145
87.64916371308442,-0.9262537029842166,-1.3892685890645908,-0.4632388169038424,NHL,shotDistance,2014-2024,33.1058907145
88.1415747451804,-0.8875059090059356,-1.345412277483474,-0.4295995405283972,NHL,shotDistance,2014-2024,33.1058907145
88.63398577727638,-0.845384482793738,-1.2980975354164812,-0.3926714301709948,NHL,shotDistance,2014-2024,33.1058907145
89.12639680937237,-0.7996964507654247,-1.2472540033717467,-0.3521388981591027,NHL,shotDistance,2014-2024,33.1058907145
89.61880784146834,-0.7502489630874583,-1.1928657211169278,-0.3076322050579886,NHL,shotDistance,2014-2024,33.1058907145
90.11121887356433,-0.6969368442658317,-1.1351129055589038,-0.2587607829727596,NHL,shotDistance,2014-2024,33.1058907145
90.6036299056603,-0.6398963860943443,-1.0745946496653853,-0.20519812252330327,NHL,shotDistance,2014-2024,33.1058907145
91.09604093775629,-0.5793050926951853,-1.0120193733590008,-0.1465908120313697,NHL,shotDistance,2014-2024,33.1058907145
91.58845196985226,-0.5153404681905482,-0.9481203222459114,-0.08256061413518512,NHL,shotDistance,2014-2024,33.1058907145
92.08086300194825,-0.44818001670261753,-0.8836231063102331,-0.01273692709500196,NHL,shotDistance,2014-2024,33.1058907145
92.57327403404422,-0.37800124235358923,-0.8192073403033475,0.06320485559616906,NHL,shotDistance,2014-2024,33.1058907145
93.0656850661402,-0.3049816492656464,-0.755467721850186,0.14550442331889313,NHL,shotDistance,2014-2024,33.1058907145
93.55809609823618,-0.2292987415609843,-0.6928819282988135,0.23428444517684482,NHL,shotDistance,2014-2024,33.1058907145
94.05050713033216,-0.15113002336179127,-0.6317921991059166,0.3295321523823341,NHL,shotDistance,2014-2024,33.1058907145
94.54291816242815,-0.07065299879025466,-0.5724040609085961,0.43109806332808664,NHL,shotDistance,2014-2024,33.1058907145
95.03532919452412,0.011954828031431441,-0.5148008153262777,0.5387104713891406,NHL,shotDistance,2014-2024,33.1058907145
95.52774022662011,0.09651595298108073,-0.45896851757018386,0.6520004235323453,NHL,shotDistance,2014-2024,33.1058907145
96.02015125871608,0.18285287193649785,-0.4048248088895332,0.7705305527625288,NHL,shotDistance,2014-2024,33.1058907145
96.51256229081207,0.2707880807755007,-0.35224603967503754,0.8938222012260388,NHL,shotDistance,2014-2024,33.1058907145
97.00497332290804,0.36014407537589127,-0.30108940655357674,1.0213775573053594,NHL,shotDistance,2014-2024,33.1058907145
97.49738435500403,0.45074335161548795,-0.2512090535740873,1.152695756805063,NHL,shotDistance,2014-2024,33.1058907145
97.9897953871,0.5424084053720946,-0.2024665839855193,1.2872833947297082,NHL,shotDistance,2014-2024,33.1058907145
